peak_time,goes_class,goes_letter,duration_min,early_max,early_mean,early_std,rise_30s,rise_60s,rise_3m,deriv_max,deriv_mean,flux_integral,accel_max,target_class
2024-10-02 07:19:53.000663,M2.1,M,6.116666666666666,2.065303340149966e-05,1.9801817164779073e-05,6.479139702316412e-07,0.056437457070899796,0.11970541097458592,0.1363046630542624,4.176323562826615e-08,5.457797236320724e-09,0.005960346966598501,7.657350602135897e-09,2
2024-10-02 08:08:59.000663,M2.6,M,4.433333333333334,2.5657805044308114e-05,1.8326111326254002e-05,4.327104862765178e-06,0.23710241972302548,0.6247146553036066,0.31720184649723526,1.8613951374687578e-07,-6.008316333799081e-10,0.005516159509202454,3.62190411270167e-09,2
2024-10-02 09:25:20.000663,M1.1,M,4.883333333333334,1.0550102249488752e-05,9.571136430032135e-06,7.194578155463213e-07,0.1559091281883047,0.23767735585991973,0.1685393258426965,5.81117927743693e-08,6.757304986124246e-10,0.0028809120654396726,1.2269938650306035e-09,2
2024-10-02 10:45:32.000663,M2.4,M,9.75,2.3531697341513295e-05,1.4766902870912005e-05,4.8045769389844925e-06,0.2860238353196101,0.821144817623691,1.0822499097146987,2.217223358327654e-07,1.100910040414714e-08,0.004444837764144513,4.139968189047945e-09,2
2024-10-02 11:07:35.000663,X1.0,X,27.166666666666668,0.00010059645535105658,5.4662871093174995e-05,3.188749328213351e-05,0.48835101078777987,1.3922581814885324,8.260175868008341,5.098841172460808e-07,3.1078837026995163e-07,0.016453524199045673,4.580777096114512e-09,3
2024-10-02 11:53:28.000663,M2.6,M,2.3666666666666667,2.6237218813905932e-05,1.688206772698141e-05,5.834303967476919e-06,0.22166189111747858,0.4594460362941737,-0.21382999044890175,1.8368552601681434e-07,-2.728044435456493e-08,0.005081502385821404,3.2598651821555866e-09,2
2024-10-02 13:41:11.000663,C7.3,C,4.383333333333334,7.25289706884799e-06,6.640795168117183e-06,3.6333583424197497e-07,0.11345183234584148,0.1608514373491332,0.05255650647355712,3.749147920927068e-08,1.5943493095192783e-10,0.001998879345603272,8.952510793001479e-10,1
2024-10-02 14:51:51.000663,C8.6,C,15.85,8.561690524880709e-06,7.761198187364544e-06,9.212958043100367e-07,0.16531583687122087,0.3049015824006175,0.6009262832883054,3.1038400363553686e-08,9.91352434974537e-09,0.002336120654396728,8.270847534651145e-10,1
2024-10-02 15:09:53.000663,C5.9,C,7.85,5.922290388548058e-06,5.574850475692251e-06,1.473585795373697e-07,0.05665722379603408,0.06876126706155031,0.03476693278392999,1.6223585548738873e-08,2.1632492916856277e-09,0.0016780299931833675,8.588957055214727e-10,1
2024-10-02 15:43:14.000663,M1.4,M,8.6,1.4214723926380369e-05,1.2690207828030629e-05,1.851106492333238e-06,0.466999272424904,0.8003326057582374,1.1672383328136369,1.1097477845944113e-07,2.1222789794796773e-08,0.003819752556237219,3.6128152692569157e-09,2
2024-10-02 18:41:00.000663,M1.3,M,7.9,1.2747102931152012e-05,1.0803058199548426e-05,1.4848376057653975e-06,0.1690431704199036,0.46189399154292465,0.6596518831743536,7.670983867302883e-08,1.2986078216963054e-08,0.0032517205180640765,1.872301749602347e-09,2
2024-10-02 19:07:41.000663,M9.1,M,31.383333333333333,2.9464894342194955e-05,1.4139808907821464e-05,6.241031673496299e-06,0.0720135554927985,0.1861997552480467,0.9059587687094038,1.7541467848216309e-07,7.052975706507774e-08,0.004256082481254261,1.8813905930470614e-09,2
2024-10-02 22:32:00.000663,M1.3,M,2.683333333333333,1.3095432856169052e-05,1.04002427717651e-05,1.805897638073634e-06,0.17239538143228975,0.26583461256090246,-0.06033504638590402,6.902976596228124e-08,-6.837617946098481e-09,0.003130473074301295,1.2906157691433647e-09,2
2024-10-02 23:10:35.000663,M1.3,M,5.783333333333333,1.2557600545330608e-05,1.1546150414319911e-05,9.778676915395147e-07,0.13102558263113934,0.2614438624459118,0.3902679723677218,4.367189275164731e-08,5.058805093288553e-09,0.003475391274710293,1.7041581458761207e-09,2
2024-10-03 08:04:15.000663,M2.2,M,17.9,2.1804362644853444e-05,1.899638786412934e-05,2.3217828650240222e-06,0.11969758473716266,0.25578445301400465,0.4904099857925717,6.78936605316972e-08,2.869664939891125e-08,0.005717912747102931,4.04453533287901e-09,2
2024-10-03 09:10:37.000663,M3.4,M,22.883333333333333,2.9477164280845264e-05,2.5053837809437754e-05,2.742245319674545e-06,0.055241275899673016,0.10615458015267182,0.31219329334787344,4.53987730061349e-08,3.154903197793085e-08,0.007541205180640764,2.1676891615542115e-09,2
2024-10-03 10:16:48.000663,M1.8,M,3.45,1.8214042263122017e-05,1.559738159780962e-05,1.8483722465020634e-06,0.18226508731682203,0.2468280350203661,0.039702233250620424,1.0265848670756653e-07,-5.80530591956457e-09,0.004694811860940696,2.1813224267209e-09,2
2024-10-03 12:17:51.000663,M1.5,M,3.683333333333333,1.4624403544648944e-05,1.2842173441403002e-05,1.5714608658086741e-06,0.1092394929953303,0.13814765399154988,0.06993551256393146,7.498295841854136e-08,-8.86602229879154e-09,0.003865494205862304,1.213360599863664e-09,2
2024-10-03 13:57:31.000663,M3.5,M,31.333333333333332,1.59107021131561e-05,1.2833819103329733e-05,1.5312925464912214e-06,0.05751267680811332,0.11409127301841483,0.27195089404857226,3.0765735060213664e-08,1.8868313253169348e-08,0.0038629795501022497,1.0997500568052596e-09,2
2024-10-03 17:46:39.000663,X9.0,X,27.666666666666668,0.0009000163599182005,0.0005836961790761863,0.0003226852009707303,1.1263489208633093,4.887365107913669,31.318769984012782,8.441717791411042e-06,2.5929891680420083e-06,0.17569254990193206,2.473913682719172e-07,3
2024-10-04 05:46:14.000663,M2.3,M,5.8,2.2730061349693254e-05,2.1789991099878386e-05,6.449568136117856e-07,0.049176947661431596,0.08904086051067034,0.1252620364960996,4.460025318921021e-08,6.009175382022312e-09,0.006558787321063395,2.2494887525562295e-09,2
2024-10-04 10:25:00.000663,X1.1,X,28.866666666666667,6.355214723926381e-05,3.313784771053996e-05,1.5881599194643358e-05,0.17708894878706188,0.35099730458221,1.8866307277628027,2.6189502385821413e-07,1.668813976186919e-07,0.009974492160872529,4.0309020677118916e-09,3
2024-10-04 16:32:55.000663,M2.4,M,13.866666666666667,2.4226993865030677e-05,2.1870801033591734e-05,2.4355532548289573e-06,0.28332513526807684,0.5212985735366455,0.7320216428922778,1.4701204271756498e-07,2.69788589057471e-08,0.006583111111111112,1.4951147466485101e-09,2
2024-10-04 18:10:09.000663,M1.2,M,2.7666666666666666,1.214792092706203e-05,1.1618712449073413e-05,3.1489098174979176e-07,0.03225609009670694,0.07124495042232824,0.0328069531154364,2.4948875255623612e-08,1.3985239819362338e-09,0.0034972324471710973,1.4133151556464477e-09,2
2024-10-04 23:38:06.000663,M1.2,M,3.4,1.225357873210634e-05,1.1675064033317707e-05,3.206791354888137e-07,0.03741556534508081,0.053333333333333365,-0.0031130690161526313,2.9311520109066094e-08,-1.490379464535731e-09,0.0035141942740286296,9.043399227448492e-10,2
2024-10-05 05:41:45.000663,M2.2,M,6.083333333333333,2.1734832992501703e-05,1.914225247810638e-05,2.0089088937409123e-06,0.27895398298530555,0.4639404485692188,0.415361562258314,1.59372869802318e-07,9.013242941716334e-09,0.00576181799591002,1.2179050215860147e-09,2
2024-10-05 07:13:42.000663,M1.2,M,7.916666666666667,1.1548738922972052e-05,1.0696997284670277e-05,7.219250475222578e-07,0.07242017584451658,0.15047046120623173,0.3055684096868734,2.958418541240623e-08,5.5371148627486065e-09,0.0032197961826857533,1.2906157691433873e-09,2
2024-10-05 07:59:47.000663,M1.2,M,8.516666666666667,1.1539195637355146e-05,1.0745587872282124e-05,6.477822500889417e-07,0.02360221630567759,0.05440023026552496,0.16794991724832695,1.990456714383091e-08,6.8070215609708605e-09,0.003234421949556919,5.0215860031811205e-09,2
2024-10-05 08:28:44.000663,M1.2,M,1.5333333333333334,1.2404226312201774e-05,1.0140669479376856e-05,1.6780234086253096e-06,0.04403102583542308,0.04776345716451852,-0.1877879512451158,3.629856850715703e-08,-1.3521878201199107e-08,0.003052341513292434,1.5042035900931663e-09,2
2024-10-05 09:11:11.000663,M1.2,M,3.1,1.1734832992501705e-05,1.1111045435913464e-05,5.007128563945375e-07,0.06204035451631179,0.07605757747187139,0.023885850776290418,3.302279784897391e-08,-1.4286802359296472e-09,0.0033444246762099525,1.863212906157827e-09,2
2024-10-05 09:38:08.000663,M2.0,M,17.466666666666665,1.6661213360599864e-05,1.5682082220818133e-05,1.001560449090617e-06,0.09436874600809028,0.14248456461571218,0.277091760698318,4.894342194955687e-08,1.148109799857649e-08,0.004720306748466258,1.458759372869807e-09,2
2024-10-05 12:43:42.000663,M1.2,M,10.533333333333333,1.1737559645535107e-05,1.1396422286991556e-05,2.465302516227652e-07,0.021188859988580923,0.037239104231428,0.0700374294233331,1.785957736877968e-08,3.307985068117378e-09,0.0034303231083844584,1.6678027720972467e-09,2
2024-10-05 13:57:06.000663,M3.2,M,9.233333333333333,3.167552828902522e-05,3.0204080015037355e-05,1.2387501633931754e-06,0.07895422113431612,0.13673766991302538,0.20459871881672825,9.270620313565119e-08,1.2650615175800128e-08,0.009091428084526244,3.787018101946429e-09,2
2024-10-05 14:14:10.000663,M3.5,M,10.616666666666667,3.276346284935242e-05,3.0272658509354187e-05,1.5844609785638482e-06,0.03978961811113645,0.06326701730314818,0.16164849963157749,4.262667575551017e-08,1.982801808994833e-08,0.00911207021131561,3.976369007044091e-09,2
2024-10-05 19:01:18.000663,M1.2,M,1.9166666666666667,1.1558963871847309e-05,1.0730842658079069e-05,6.928660729883459e-07,0.016393442622950914,0.028233151183970857,-0.05300546448087438,1.0991820040899786e-08,-5.7892784418291885e-09,0.0032299836400817997,1.0497614178595722e-09,2
2024-10-05 21:25:05.000663,M1.8,M,2.933333333333333,1.7675528289025223e-05,1.5223807485613735e-05,1.902962263241552e-06,0.11992872807017531,0.18201754385964908,-0.011604532163742765,7.225630538513945e-08,-9.481058817466507e-09,0.004582366053169734,1.6359918200409056e-09,2
2024-10-05 23:10:36.000663,M2.0,M,25.183333333333334,1.9913428766189502e-05,1.7747904621495718e-05,2.392204860369471e-06,0.10277503564769119,0.2120214982998794,0.5609849731271253,5.898659395591911e-08,2.5551062353501255e-08,0.0053421192910702115,1.4769370597591416e-09,2
2024-10-06 05:47:46.000663,M1.9,M,4.883333333333334,1.892501704158146e-05,1.8393990040016577e-05,4.1983720861039557e-07,0.03287285250264158,0.057449223183187945,0.07658591946151137,3.114676734308636e-08,4.763708298521177e-10,0.00553659100204499,5.1124744376279816e-09,2
2024-10-06 07:08:48.000663,M1.7,M,5.15,1.7081799591002043e-05,1.6628416525691458e-05,4.2459120719045774e-07,0.02581403447675427,0.029514191189273894,0.07818213477276686,2.576687116564413e-08,4.479680506292817e-09,0.005005153374233129,2.686077839452204e-09,2
2024-10-06 07:16:44.000663,M2.0,M,4.566666666666666,1.9677573278800273e-05,1.9122706180489032e-05,4.0503362561648094e-07,0.009567044346064283,0.03436632400390182,0.05650183837322713,2.299477391501917e-08,4.622571744728995e-09,0.005755934560327199,1.2906157691433763e-09,2
2024-10-06 10:33:40.000663,M2.0,M,11.933333333333334,2.025085207907294e-05,1.7151071071887168e-05,3.7831206910296686e-06,0.3278391439420089,0.6731101139109423,1.5415084570245083,9.547830038627582e-08,3.922963842948472e-08,0.005162472392638037,1.1860940695296392e-09,2
2024-10-06 11:06:55.000663,M1.3,M,14.0,1.3205862304021813e-05,1.0709106432319445e-05,1.1756042088447701e-06,0.04046634072959752,0.08747649492290319,0.1638209853328318,3.349238809361512e-08,1.3873626970311064e-08,0.003223441036128153,9.725062485798825e-10,2
2024-10-06 15:04:38.000663,C8.1,C,5.5,8.147920927062031e-06,7.776595624220108e-06,2.5179439654717266e-07,0.031255848774096935,0.07823320232079366,0.0833801235261088,1.2906157691433703e-08,6.209859030641068e-10,0.0023407552828902524,8.316291751874594e-10,1
2024-10-06 20:50:33.000663,M2.9,M,4.45,2.9359918200409e-05,2.1298378275550483e-05,5.523268489455229e-06,0.44984150207266527,0.9427944403803952,0.5503535722994393,2.6889343331061104e-07,-1.3749666797936873e-09,0.006410811860940695,6.625766871165662e-09,2
2024-10-06 22:14:45.000663,M2.5,M,8.133333333333333,2.510838445807771e-05,2.125344964637303e-05,3.4045696108032046e-06,0.43617387315059075,0.8584700080284439,1.000573460259204,1.9845489661440586e-07,2.0990981447535717e-08,0.006397288343558283,3.476482617586941e-09,2
2024-10-07 14:46:22.000663,M1.2,M,13.766666666666667,9.750511247443763e-06,8.302343698691252e-06,7.457272079091758e-07,0.029536270925534104,0.06955936116990583,0.18693477005964987,2.1904112701658745e-08,8.928518088768434e-09,0.0024990054533060666,1.0497614178595833e-09,2
2024-10-07 15:57:17.000663,M1.1,M,1.95,1.112474437627812e-05,1.0435768524368895e-05,5.564453762826116e-07,0.013508395404620671,0.02891049109960861,-0.04551193031182936,1.2610770279481761e-08,-4.485776268863245e-09,0.0031411663258350377,9.467545254867022e-10,2
2024-10-07 17:44:43.000663,C9.1,C,6.283333333333333,9.056578050443081e-06,8.318350329621553e-06,4.3407887374222185e-07,0.014647837908955512,0.028857117796684477,0.07104639943864592,1.7859577368779792e-08,3.371057979147355e-09,0.0025038234492160876,9.316064530788512e-10,1
2024-10-07 20:02:49.000663,M1.1,M,9.933333333333334,1.0754601226993866e-05,1.0563056116059398e-05,1.7310313331513804e-07,0.020297699594045992,0.02496617050067647,0.05588633288227331,2.5221540558963522e-08,2.357877695163759e-09,0.0031794798909338786,1.0179504658032193e-09,2
2024-10-08 14:20:23.000663,M2.7,M,7.616666666666666,2.6774369461486027e-05,2.315219887355713e-05,3.1606669761700026e-06,0.31331504739906635,0.6397670949424953,0.7703671623117269,1.655532833446942e-07,2.182052176545114e-08,0.006968811860940696,3.332575929712968e-09,2
2024-10-08 17:23:10.000663,C8.2,C,3.5166666666666666,8.216087252897069e-06,7.840044659134402e-06,2.362738928259458e-07,0.024913556166326806,0.034311552442592395,0.0321837042290982,1.9597818677573117e-08,-8.329971662550149e-10,0.002359853442399455,1.1088389002499497e-09,1
2024-10-08 23:20:00.000663,M1.0,M,7.95,1.0121336059986368e-05,8.355275643333854e-06,1.1183625410460124e-06,0.3875184722064341,0.6477208139138343,0.36728430146640906,8.31629175187458e-08,4.721636308321914e-09,0.00251493796864349,9.088843444671715e-10,2
2024-10-09 07:24:08.000663,X4.7,X,39.25,2.8866394001363325e-05,1.441876770682592e-05,6.6820001018487245e-06,0.1816990349100442,0.4245204336947459,1.6181341594185632,1.4714837536923392e-07,7.46696332301114e-08,0.004340049079754602,3.0220404453533056e-09,3
2024-10-09 21:16:46.000663,X3.7,X,22.266666666666666,0.0003655241990456715,0.0002555370895017064,0.00012993089681202712,3.0822149424072705,12.948008031279722,55.126175631406525,3.6394001363326513e-06,1.124545447993349e-06,0.07691666394001363,5.891388320836168e-08,3
2024-10-10 17:28:56.000663,M2.9,M,27.583333333333332,2.6679618268575327e-05,1.933521300278327e-05,5.357343761843996e-06,0.21778109824430328,0.4929398580500561,1.4392230108330217,8.861622358554873e-08,5.8944068110837706e-08,0.005819899113837764,4.20359009316083e-09,2
2024-10-10 20:09:58.000663,M1.3,M,9.65,1.3042944785276074e-05,1.1600103721519045e-05,1.6052753555589524e-06,0.09566504178272989,0.2738509749303622,0.6463266016713091,5.835037491479205e-08,1.4239942082340626e-08,0.0034916312201772326,1.8404907975460173e-09,2
2024-10-10 22:30:04.000663,M2.3,M,17.3,2.2951601908657123e-05,1.7716749666528525e-05,5.208432737912659e-06,0.17494151286716905,0.4569794645178059,1.7274066372064811,1.112019995455577e-07,5.0053140770568474e-08,0.005332741649625086,2.081345148829787e-09,2
2024-10-11 09:02:48.000663,C6.4,C,23.083333333333332,6.374233128834356e-06,4.8703481011941566e-06,1.1469673399056972e-06,0.08724513987671896,0.22617354196301578,0.9004267425320059,2.2222222222222187e-08,1.172184720259136e-08,0.001465974778459441,8.17995910020447e-10,1
2024-10-11 15:49:18.000663,C6.0,C,8.516666666666667,6.029993183367417e-06,5.289161101259831e-06,7.553797606523085e-07,0.3649919706354668,0.7141546226198667,0.9928882771277813,4.035446489434217e-08,6.559246166168934e-09,0.0015920374914792092,2.377706365436463e-09,1
2024-10-11 19:31:31.000663,C6.2,C,10.25,6.1963190184049085e-06,5.658430091016766e-06,5.675095839160312e-07,0.12700490998363353,0.2376432078559739,0.4535188216039283,2.1404226312201816e-08,6.666683072956665e-09,0.0017031874573960465,2.1813224267211565e-09,1
2024-10-11 21:53:33.000663,M5.3,M,32.666666666666664,2.2719836400817997e-05,1.1382668994739189e-05,5.704609141616335e-06,0.19681571815718152,0.45088075880758827,1.9581639566395665,1.0279481935923649e-07,6.072386706127664e-08,0.003426183367416496,2.5539650079527382e-09,2
2024-10-13 14:57:27.000663,A2.0,A,3.1166666666666667,2.0449897750511248e-08,1.6364042837034438e-08,1.1954947297339195e-09,0.14180929095354522,0.28850855745721277,0.09741634127650248,7.11300791322132e-11,4.280543445723877e-12,4.9255768939473655e-06,2.7121186355688696e-11,0
2024-10-13 15:13:45.000663,A2.9,A,5.7,2.8629856850715747e-08,2.7213842499661563e-08,2.2222545981098473e-09,0.9249999999999998,0.9170884389984015,0.8643446989877461,1.3347252611056292e-09,5.466007809770605e-11,8.191366592398131e-06,5.6439811041038035e-11,0
2024-10-14 05:46:45.000663,M9.5,M,27.766666666666666,8.138582140422631e-05,3.794154228010698e-05,2.654746242100256e-05,0.7213393870601585,2.061293984108967,19.271282633371168,4.161326971142922e-07,2.603834785974408e-07,0.011420404226312202,5.026130424903435e-09,2
2024-10-14 07:24:34.000663,C2.4,C,12.483333333333333,2.025903203817314e-06,1.7948759757862344e-06,8.972281064744909e-08,0.08204467353951893,0.07989690721649483,0.1288659793814432,1.0906612133605994e-08,1.4737300382227024e-09,0.0005402576687116565,4.953419677346088e-10,1
2024-10-14 08:53:44.000663,C2.9,C,21.683333333333334,2.2263122017723245e-06,2.059399819279973e-06,1.5683180983010246e-07,0.21297989031078618,0.3226691042047532,0.42915904936014615,1.522381276982504e-08,2.3507774710407112e-09,0.000619879345603272,5.13519654623949e-10,1
2024-10-14 09:44:31.000663,C4.5,C,21.1,4.484662576687117e-06,3.2805802969877735e-06,7.625457937272148e-07,0.807151007987828,1.4005325218714337,0.7748193229364777,5.416950693024312e-08,2.5484285839619974e-09,0.0009874546693933199,7.790437238289897e-10,1
2024-10-14 12:19:13.000663,C3.5,C,7.7,3.5037491479209274e-06,2.813831196624748e-06,5.249584531847586e-07,0.15687037757882424,0.2938886726352664,0.9782016348773841,1.6314473983185634e-08,4.049394625114145e-09,0.0008469631901840491,8.770733924108216e-10,1
2024-10-14 12:34:10.000663,C5.9,C,13.166666666666666,5.466939331970007e-06,3.8689213641417945e-06,8.979044496280818e-07,0.1886391251518834,0.3390036452004861,0.8557108140947751,2.140422631220173e-08,1.0759674528700481e-08,0.0011645453306066802,1.386048625312437e-09,1
2024-10-14 14:53:34.000663,C3.0,C,9.466666666666667,2.6332651670074986e-06,2.369511308589637e-06,1.48900432962106e-07,0.031291172595520354,0.0655467720685111,0.14328063241106717,5.4078618495796245e-09,1.8069114777230235e-09,0.0007132229038854807,5.771415587366546e-10,1
2024-10-14 15:08:25.000663,C4.7,C,11.733333333333333,4.184049079754601e-06,3.7327042102331014e-06,2.3429834326332007e-07,0.027954779033915658,0.07297019527235352,0.1311408016443988,1.0588502613042509e-08,2.7986517825045988e-09,0.0011235439672801636,7.998182231311011e-10,1
2024-10-14 19:13:09.000663,A1.6,A,5.916666666666667,1.6359918200409e-08,8.935982908222684e-09,3.942467474887921e-09,0.0,0.6923076923076923,2.8351351351351344,5.453306066802999e-10,2.300208068726206e-11,2.6897308553750277e-06,5.858408803194078e-11,0
2024-10-14 19:22:56.000663,M1.2,M,33.11666666666667,1.3633265167007498e-08,7.856992754529877e-09,2.640727112753406e-09,2.611111111111111,3.0624999999999996,0.5696296296296297,1.8727012592043265e-09,3.361459564909427e-11,2.364954819113493e-06,5.1136396739668734e-11,2
2024-10-14 23:29:52.000663,C3.8,C,9.416666666666666,3.775051124744376e-06,3.0491884583766453e-06,7.244288848470833e-07,0.1375838926174496,0.3317953020134228,1.2860738255033555,1.995001136105433e-08,6.076681692065779e-09,0.0009178057259713702,6.498523062940217e-10,1
2024-10-15 07:09:05.000663,C3.3,C,3.3666666666666667,3.294478527607362e-06,2.7040403834525675e-06,4.4018307134468374e-07,0.22511061946902663,0.31111725663716827,0.08351769911504428,2.208588957055215e-08,-1.3216837141845021e-09,0.0008139161554192229,4.680754374005896e-10,1
2024-10-15 07:42:24.000663,M4.9,M,28.066666666666666,4.4136332651670084e-05,2.307514827874366e-05,1.3394078347636175e-05,0.4231326298365405,1.2985723153320916,7.640182081522863,1.9350147693705986e-07,1.3614386406071947e-07,0.006945619631901841,2.8720745285162387e-09,2
2024-10-15 09:32:31.000663,C7.3,C,18.683333333333334,5.552828902522155e-06,4.805630855566652e-06,3.9500934077353016e-07,0.08400357462019652,0.16621983914209104,0.32761394101876673,1.7268802544876046e-08,5.588789033121391e-09,0.0014464948875255624,7.952738014087672e-10,1
2024-10-15 10:21:18.000663,M1.7,M,27.833333333333332,1.2612815269256986e-05,8.798415642473284e-06,2.3250208708255093e-06,0.08944983818770243,0.19689320388349515,0.7994822006472493,3.7809588729834094e-08,2.448392101618794e-08,0.0026483231083844583,1.1860940695296617e-09,2
2024-10-15 12:31:30.000663,C9.8,C,25.0,5.259032038173143e-06,4.776464273824811e-06,4.4359204351185107e-07,0.08056265984654723,0.15911582024113993,0.3549506759225429,1.8177686889343204e-08,5.009358841999075e-09,0.0014377157464212681,1.1542831174733033e-09,1
2024-10-15 14:12:08.000663,C6.4,C,10.216666666666667,6.382413087934561e-06,5.4100646108065145e-06,1.0572744441372486e-06,0.1774520856820744,0.3770011273957158,1.0967305524239006,3.403771870029539e-08,9.667268615642916e-09,0.0016284294478527608,6.952965235173782e-10,1
2024-10-15 15:35:25.000663,M3.2,M,26.883333333333333,3.210770279481936e-05,1.911499274175833e-05,1.0249862264505072e-05,0.3736948467497473,0.7803974402155607,5.845402492421692,2.602590320381731e-07,7.439666710246993e-08,0.0057536128152692574,4.194501249715984e-09,2
2024-10-15 16:59:04.000663,C7.5,C,16.25,7.2828902522154055e-06,6.629399388994196e-06,5.485374755854884e-07,0.04944850663031373,0.09046969884744102,0.2683108191845336,1.3447357005639247e-08,6.05818434595147e-09,0.001995449216087253,9.543285616905253e-10,1
2024-10-15 18:34:04.000663,C6.2,C,11.033333333333333,6.23721881390593e-06,5.47018685726062e-06,7.361910006082686e-07,0.08604038630377513,0.20649692712906043,0.5613696224758558,1.722335832765279e-08,7.493066382938878e-09,0.0016465262440354465,7.907293796864336e-10,1
2024-10-15 18:56:56.000663,C7.3,C,7.383333333333334,6.982276755282891e-06,5.954070390223907e-06,7.411211340029669e-07,0.03572429251891285,0.07817315774726825,0.2869151022695432,1.745057941376959e-08,6.899623826203202e-09,0.001792175187457396,8.816178141331525e-10,1
2024-10-15 20:41:02.000663,C5.2,C,14.533333333333333,5.18064076346285e-06,4.6462665914798886e-06,4.868875508261678e-07,0.06952965235173827,0.0985313255251905,0.395984383714445,1.9132015451033845e-08,4.714371304007734e-09,0.0013985262440354466,6.316746194046814e-10,1
2024-10-15 22:02:18.000663,C3.2,C,9.533333333333333,3.186775732788003e-06,2.995029066936614e-06,1.850936061285538e-07,0.06853839801816689,0.14230663363611348,0.23809523809523822,8.679845489661401e-09,2.3404182122495083e-09,0.0009015037491479209,2.294932969779583e-09,1
2024-10-16 07:12:08.000663,C5.8,C,4.7,5.783231083844581e-06,5.0818267669459e-06,3.388385934303967e-07,0.12034342258440052,0.21740395809080335,0.04656577415599539,2.4448988866166795e-08,-2.0899319392336903e-11,0.0015296298568507158,9.34852468594777e-10,1
2024-10-16 07:27:22.000663,C7.7,C,13.066666666666666,5.888888888888888e-06,5.500358948925078e-06,3.577543299964026e-07,0.03487194327883072,0.08160902908406875,0.21154680943423518,1.1588275391956187e-08,3.912515664172925e-09,0.0016556080436264486,1.3178822994774745e-09,1
2024-10-16 08:17:49.000663,C7.1,C,16.833333333333332,7.057259713701432e-06,5.903113230834731e-06,8.882705563977511e-07,0.05091937765205085,0.12384095552412386,0.4733616218764733,1.9313792319927246e-08,9.21837901978169e-09,0.0017768370824812541,7.452851624630798e-10,1
2024-10-16 08:53:13.000663,X1.1,X,33.56666666666667,7.994205862304022e-05,4.560797568658891e-05,2.808085115047148e-05,0.6061090909090909,1.5378909090909096,14.740072727272729,7.882753919563732e-07,1.899954502322367e-07,0.013728000681663261,1.2101795046580283e-08,3
2024-10-16 10:44:38.000663,M7.4,M,33.9,8.503067484662577e-06,7.970430308424316e-06,5.336267099881207e-07,0.17103494623655896,0.26243279569892447,0.3618951612903223,4.748920699840902e-08,7.986721448141132e-09,0.002399099522835719,1.217905021585992e-09,2
2024-10-16 13:14:21.000663,C8.1,C,19.733333333333334,7.568507157464213e-06,3.953633310460248e-06,1.7581755838744074e-06,0.06481790845305721,0.1346475108586703,0.9542265285666556,4.0763462849352455e-08,1.8189213244352485e-08,0.0011900436264485345,1.2497159736423613e-09,1
2024-10-16 14:49:57.000663,C2.1,C,3.3833333333333333,2.05453306066803e-06,1.7644615652890725e-06,2.1974326583096412e-07,0.13130081300813012,0.20284552845528472,0.0699186991869919,1.0539562686801951e-08,-9.502022331245098e-10,0.0005311029311520108,3.271983640081806e-10,1
2024-10-16 16:28:42.000663,C2.4,C,3.4833333333333334,2.38173142467621e-06,1.8534627814125602e-06,3.0129753708600136e-07,0.3285151116951379,0.5168637757336839,0.0845378887428822,2.0131788229947733e-08,1.462652364712454e-10,0.0005578922972051806,5.923978316616352e-10,1
2024-10-16 16:39:17.000663,C3.2,C,4.416666666666667,3.1581458759372872e-06,2.6106434584106144e-06,4.0490133010955586e-07,0.14896415652745834,0.3370601775731669,0.3939493587635649,1.4178595773687813e-08,-4.4914082550815413e-10,0.000785803680981595,1.6814360372642396e-09,1
2024-10-16 18:30:20.000663,C2.7,C,9.583333333333334,2.6550783912747104e-06,2.3394841552924017e-06,1.4558171224017153e-07,0.03985625612544923,0.04900359359686374,0.1140150277687031,6.816632583503744e-09,1.863240931295172e-09,0.0007041847307430129,1.2497159736423134e-09,1
2024-10-16 18:57:23.000663,M3.7,M,30.3,5.218813905930471e-06,3.1565515538978235e-06,8.110098229166329e-07,0.021785823872353473,0.08591592513040808,0.3829395520098188,2.7357418768461707e-08,9.63639302651257e-09,0.0009501220177232448,8.907066575778256e-10,2
2024-10-16 20:06:27.000663,M2.9,M,49.43333333333333,1.123653715064758e-05,8.343796071717316e-06,1.9274874827496126e-06,0.22926212671828086,0.4741665349976299,1.138568494232896,3.876391729152467e-08,2.334501815637128e-08,0.002511482617586912,1.1604505469536003e-09,2
2024-10-16 21:07:39.000663,M1.0,M,3.3,1.0267893660531698e-05,9.88875980315558e-06,4.016601906110201e-07,0.025221634251941388,0.03374338533434112,0.013950931207477126,1.4262492790100184e-08,-3.1783213962294745e-09,0.00297651670074983,1.1451942740286306e-09,2
2024-10-16 22:46:16.000663,C2.3,C,3.033333333333333,2.2808452624403545e-06,2.026446722694404e-06,1.839935647963426e-07,0.1296740994854203,0.1478559176672384,0.0024013722126928973,1.4542149511474564e-08,-6.246264922031112e-10,0.0006099604635310156,3.999091115655533e-10,1
2024-10-16 23:14:50.000663,M1.4,M,19.883333333333333,1.4267211997273347e-05,9.342025106042797e-06,3.024438873181525e-06,1.7159090909090915,3.8592458677685952,2.4891528925619837,2.1108838900249943e-07,1.521309008562134e-08,0.002811949556918882,4.46262213133379e-09,2
2024-10-17 07:52:12.000663,M2.2,M,27.45,2.1199045671438312e-05,1.0617453297008155e-05,5.234853274216741e-06,0.5184135977337111,1.2835694050991502,3.544192634560907,1.2015451033855942e-07,6.224258732219096e-08,0.0031958534423994545,1.990456714383102e-09,2
2024-10-17 10:35:13.000663,M6.7,M,27.033333333333335,5.519495569188821e-05,1.9056498787273503e-05,1.7101569087986348e-05,0.39859363434492984,0.8849000740192452,9.161361954108068,3.602817541467848e-07,1.7462002163368465e-07,0.005736006134969325,3.6446262213133425e-09,2
2024-10-17 13:37:58.000663,C6.0,C,10.833333333333334,6.040218132242673e-06,5.295878088715869e-06,7.160296678804025e-07,0.1597249508840866,0.32750491159135553,0.7216110019646369,2.2631220177232416e-08,6.733746078011188e-09,0.0015940593047034765,3.6128152692569447e-09,1
2024-10-17 16:02:55.000663,C2.9,C,4.7,2.947511929107021e-06,2.6668116050338907e-06,1.7288591308314015e-07,0.04827780914737434,0.0750988142292491,0.18718238283455663,5.9077482390366125e-09,-9.256930792457264e-11,0.0008027102931152012,1.3178822994773893e-09,1
2024-10-17 19:57:11.000663,M1.3,M,25.433333333333334,3.2385821404226315e-06,3.002946325246226e-06,2.177372223521414e-07,0.02993851911253671,0.05800588078053993,0.23229083132852169,9.497841399681889e-09,2.3364967877464266e-09,0.000903886843899114,6.044080890706651e-10,2
2024-10-17 21:17:42.000663,C3.1,C,3.1166666666666667,3.1152010906612136e-06,2.8240017936122943e-06,2.446760109453617e-07,0.032374100719424495,0.07601918465227814,0.010311750599520424,7.225630538513974e-09,-1.6391632817086754e-09,0.0008500245398773006,1.772324471710927e-09,1
2024-10-17 22:01:24.000663,C4.8,C,4.2,4.820722563053851e-06,3.1611012598314638e-06,9.51865965351639e-07,0.4415011037527594,1.0570797855566068,0.3768527278461052,4.971597364235399e-08,-5.391140154593864e-10,0.0009514914792092706,1.2497159736423558e-09,1
2024-10-18 05:49:02.000663,C5.7,C,9.8,5.650306748466258e-06,4.634125738562891e-06,9.966451136297169e-07,0.18052516411378566,0.4283369803063457,1.165754923413567,2.2812997046125907e-08,9.716133270744104e-09,0.0013948718473074302,8.316291751874594e-10,1
2024-10-18 09:05:48.000663,C9.9,C,27.5,5.286980231765509e-06,3.2510513693278714e-06,1.108038333654028e-06,0.14231896190874832,0.2825449979070741,1.197153620761825,1.9222903885480575e-08,1.1943132609023825e-08,0.0009785664621676893,1.2875861546618105e-09,1
2024-10-18 09:40:00.000663,C3.8,C,4.466666666666667,3.751874573960464e-06,3.3024071092269127e-06,3.530437490692043e-07,0.19776210167842379,0.3028460228654829,0.21722208708343488,2.4880708929788777e-08,2.119775060717446e-11,0.0009940245398773007,6.498523062940246e-10,1
2024-10-18 12:45:57.000663,C2.6,C,11.633333333333333,2.6019086571233813e-06,2.3193830154880236e-06,3.2668339029211575e-07,0.24173151750972754,0.46935797665369666,0.8263618677042803,1.3633265167007488e-08,3.675117866694979e-09,0.0006981342876618951,6.044080890706679e-10,1
2024-10-18 15:16:51.000663,C3.2,C,12.283333333333333,3.188820722563054e-06,2.4508398498982034e-06,6.350955880816269e-07,0.10419828022255934,0.24026302478502778,1.2008093070308548,1.4451261077027947e-08,5.305833464244686e-09,0.0007377027948193592,5.862304021813219e-10,1
2024-10-18 15:49:17.000663,M1.1,M,26.166666666666668,9.644171779141106e-06,5.694007930846281e-06,2.193610363418493e-06,0.300159489633174,0.6778309409888359,1.8791068580542265,3.71733696887071e-08,2.4926477787919435e-08,0.0017138963871847308,9.9522835719154e-10,2
2024-10-18 17:59:28.000663,C8.0,C,13.5,8.021131561008862e-06,6.131205456929526e-06,2.0449765155631756e-06,0.4945799457994582,1.5415537488708224,4.003613369467028,8.052715291979093e-08,1.6725177224964492e-08,0.0018454928425357872,1.4905703249261537e-09,1
2024-10-18 19:07:35.000663,C2.1,C,3.1,2.139740967961827e-06,2.0333199718276048e-06,1.09685709533479e-07,0.038576654472896516,0.03924176920518793,0.008979048885932915,1.1133833219722749e-08,-7.807752139424781e-10,0.000612029311520109,4.453533287889128e-10,1
2024-10-18 21:12:48.000663,C3.9,C,15.966666666666667,3.858214042263122e-06,2.8423002624743247e-06,7.881755687590848e-07,0.2866344605475042,0.6097691894793346,1.4916800858829844,1.754146784821632e-08,8.6798856516195e-09,0.0008555323790047717,7.180186321290637e-10,1
2024-10-18 23:05:38.000663,M2.8,M,26.6,2.832174505794138e-05,1.627762038376962e-05,1.043942123668835e-05,0.3848384424192213,1.2046396023198014,13.286661143330571,2.3072029084299028e-07,8.671074644880933e-08,0.004899563735514656,4.2035900931606564e-09,2
2024-10-19 12:25:16.000663,X2.0,X,36.65,4.565098841172461e-06,2.9407315311153237e-06,7.006495767460721e-07,0.0788778877887789,0.16798679867986813,0.350825082508251,2.085889570552149e-08,8.253547233248308e-09,0.0008851601908657124,2.3403771870029057e-09,3
2024-10-19 16:27:30.000663,C6.2,C,3.1,6.182685753237901e-06,5.465510330255658e-06,5.528786622693187e-07,0.10554425228891151,0.14928789420142408,0.01678535096642942,2.2390016255046963e-08,-2.629984768234313e-09,0.001645118609406953,8.691206543967283e-10,1
2024-10-19 20:04:01.000663,M4.4,M,27.183333333333334,4.421540558963872e-05,2.896307695094968e-05,1.3600881181574608e-05,1.6984861227922623,7.552565180824223,25.442388561816657,4.956600772551695e-07,8.51220528595942e-08,0.008717886162235854,8.716200863440134e-09,2
2024-10-20 05:52:40.000663,C6.3,C,6.266666666666667,6.283571915473756e-06,5.8568325984505185e-06,5.215395296037823e-07,0.4122572599323001,0.6146445750935331,0.6294316764653484,5.8395819132015446e-08,5.4871122220252786e-09,0.001762906612133606,1.045216996137199e-09,1
2024-10-20 18:49:47.000663,C4.9,C,9.25,4.912747102931152e-06,4.547432213005048e-06,3.491715226499927e-07,0.0864266966629169,0.15541807274090738,0.3037120359955005,1.6814360372642536e-08,3.904859596519055e-09,0.0013687770961145194,3.9082026812088317e-10,1
2024-10-21 07:35:30.000663,C4.4,C,14.766666666666667,3.868438991138378e-06,3.5933346468372862e-06,1.4076766838630385e-07,0.012099213551119217,0.03791086912684007,0.052631578947368335,9.225176096341698e-09,1.3235273175433198e-09,0.0010815937286980232,1.3633265167008252e-09,1
2024-10-21 13:59:32.000663,C3.6,C,3.4166666666666665,3.6455351056578056e-06,3.4983954869815907e-06,7.355576736349993e-08,0.006885378695828159,0.013770757391656572,0.038679627379505824,5.953192456259921e-09,9.057937907047851e-10,0.0010530170415814588,1.7496023630992448e-09,1
2024-10-22 17:40:40.000663,C8.0,C,5.383333333333334,8.046353101567825e-06,6.790949051899259e-06,8.418544513170037e-07,0.3333776949693904,0.5326058025019964,0.35001330849081713,7.36196319018404e-08,2.2612479352024473e-09,0.002044075664621677,1.317882299477395e-09,1
2024-10-22 20:23:29.000663,C4.7,C,9.483333333333333,4.671438309475119e-06,4.4986830990540505e-06,1.7421862845792338e-07,0.10342998585572828,0.15594059405940577,0.20067185289957565,1.6768916155419087e-08,2.1631950060739097e-09,0.0013541036128152692,1.1133833219722617e-09,1
2024-10-22 22:29:52.000663,C6.1,C,9.8,6.131561008861622e-06,5.446276555992635e-06,6.457099086349252e-07,0.3434281005356407,0.588998763906057,0.7925422332097241,5.06703022040445e-08,7.0226575821132585e-09,0.0016393292433537832,8.634401272438121e-10,1
2024-10-22 22:53:47.000663,C3.8,C,5.616666666666666,3.7205180640763466e-06,3.568067813038565e-06,8.664815926715335e-08,0.019543973941368198,0.03908794788273627,0.08102605863192197,7.498295841854135e-09,1.1161856516367192e-09,0.001073988411724608,1.6587139286525708e-09,1
2024-10-23 05:52:53.000663,C8.6,C,26.7,5.1002044989775056e-06,3.902313805153011e-06,6.745000037989803e-07,0.10903910903910914,0.2196322196322199,0.5918155918155921,1.4633037945921406e-08,8.242872448860567e-09,0.0011745964553510565,1.2042717564189482e-09,1
2024-10-23 16:16:14.000663,C5.6,C,4.566666666666666,5.592365371506476e-06,5.012254086016393e-06,4.2029843180848707e-07,0.0995489690721649,0.21230670103092789,0.22052190721649484,1.9813678709384235e-08,4.979326660335686e-10,0.001508688479890934,1.420131788229982e-09,1
2024-10-23 16:49:34.000663,C6.9,C,7.1,6.905930470347649e-06,6.060844673628238e-06,7.776511905823812e-07,0.24322446143154972,0.45743571924947873,0.7487838776928424,3.6355373778686554e-08,5.420892751391918e-09,0.0018243142467620995,2.3403771870028924e-09,1
2024-10-23 17:42:11.000663,M1.5,M,31.4,6.844580777096114e-06,5.547898733374551e-06,7.983622366226922e-07,0.09949494949494929,0.18939393939393934,0.4375420875420875,1.7814133151556455e-08,9.510007718068271e-09,0.0016699175187457397,9.588729834128648e-10,2
2024-10-23 22:47:47.000663,C7.6,C,12.433333333333334,7.554873892297205e-06,6.25536781507676e-06,9.248099647188332e-07,0.04430379746835445,0.09929676511954998,0.3625879043600562,2.2858441263349214e-08,9.1259906152304e-09,0.0018828657123381048,7.725516927970646e-10,1
2024-10-24 09:23:11.000663,X6.7,X,21.7,0.00023625085207907293,7.68703979237579e-05,7.123360272277539e-05,0.3735562310030392,1.1007598784194526,16.2548632218845,1.4711201999545552e-06,7.438140811272527e-07,0.023137989775051125,1.512837991365606e-08,3
2024-10-24 15:59:20.000663,M2.4,M,4.25,2.3860940695296522e-05,1.9400591529711234e-05,3.1422747104781335e-06,0.2079789300980098,0.41975735071888104,0.23392772332800832,1.2319927289252438e-07,-2.839367901952815e-09,0.005839578050443082,4.408089070665306e-09,2
2024-10-25 06:19:00.000663,C4.9,C,11.883333333333333,4.683708248125426e-06,3.91856728423999e-06,5.447381222609395e-07,0.05640908048612699,0.12405411602843387,0.3762898417794082,1.090661213360598e-08,5.691881567521484e-09,0.0011794887525562372,5.589638718473085e-10,1
2024-10-25 10:50:39.000663,C5.5,C,17.966666666666665,5.520109066121336e-06,5.027574524364367e-06,8.070436533220141e-07,0.6728971962616824,1.1679127725856702,1.5168224299065423,5.262440354464896e-08,1.1895967299235166e-08,0.0015132999318336743,7.089297886843989e-10,1
2024-10-25 12:28:25.000663,C3.6,C,3.7666666666666666,3.6223585548738924e-06,3.047705104774587e-06,3.495705149216148e-07,0.186593296648324,0.3291645822911454,0.06853426713356668,2.6414451261076924e-08,-3.6685216634023485e-10,0.0009173592365371507,7.043853669620751e-10,1
2024-10-25 13:02:56.000663,M2.8,M,14.416666666666666,2.8008861622358558e-05,2.038701714575591e-05,8.067648175223227e-06,1.1176770249617929,3.3219561895058582,9.376209882832399,2.2835719154737563e-07,6.641395258247896e-08,0.006136492160872529,4.099068393546921e-09,2
2024-10-25 16:04:01.000663,C5.2,C,6.233333333333333,5.228357191547376e-06,4.810135268260537e-06,3.165151648644841e-07,0.09588810246039758,0.17104819683181657,0.27906976744186035,1.722335832765279e-08,1.6022904908934446e-09,0.0014478507157464214,1.6132697114292762e-09,1
2024-10-26 07:48:51.000663,C6.6,C,5.916666666666667,6.606680299931834e-06,6.0009103941191265e-06,5.287419174297178e-07,0.18644793152639097,0.316833095577746,0.33908701854493567,3.726425812315385e-08,1.7495005775773256e-09,0.001806274028629857,9.84624706506149e-10,1
2024-10-26 11:01:44.000663,C7.7,C,11.316666666666666,7.142467620995229e-06,6.590227530589921e-06,4.115724460329384e-07,0.010793871866295351,0.03400649953574737,0.17084493964716804,1.090661213360598e-08,4.21819187534042e-09,0.0019836584867075663,1.8177686889343492e-09,1
2024-10-26 11:51:39.000663,X2.8,X,38.083333333333336,4.99107021131561e-05,3.136125661564383e-05,1.1933374243792595e-05,0.18978894254245568,0.45336661060170363,1.8219304432749173,1.6823449216087237e-07,1.2512034852879062e-07,0.009439738241308792,5.135196546239774e-09,3
2024-10-27 08:53:27.000663,M1.6,M,10.9,1.6250170415814586e-05,1.4349428286081163e-05,1.9027681920922515e-06,0.22880451357121082,0.4835315645013724,0.7864440378164076,8.166325835037487e-08,1.7032241959500712e-08,0.00431917791411043,1.2906157691433761e-09,2
2024-10-27 11:00:47.000663,M1.4,M,22.016666666666666,1.2430811179277437e-05,9.856649813359226e-06,1.343705737143742e-06,0.05293961159882968,0.10783009665691244,0.3100115278886231,2.876618950238594e-08,1.5824591187881615e-08,0.002966851593821127,2.79481935923643e-09,2
2024-10-28 05:59:41.000663,C6.8,C,13.283333333333333,6.83503749147921e-06,6.0189642794864654e-06,5.264290061001333e-07,0.17935799625737742,0.36130703900964456,0.2817043328055276,3.2083617359691e-08,3.175076218611168e-09,0.001811708248125426,3.0220404453533123e-09,1
2024-10-28 09:38:11.000663,M3.0,M,33.63333333333333,6.885480572597137e-06,5.894643395000079e-06,6.6223102714749e-07,0.054612005856515385,0.11171303074670583,0.33909224011713046,2.8857077936832726e-08,7.659967216863226e-09,0.0017742876618950239,8.588957055214671e-10,2
2024-10-28 12:30:35.000663,M1.5,M,28.216666666666665,8.393319700068167e-06,6.152518190897418e-06,1.069528811895748e-06,0.0955454116165591,0.17582244608846212,0.45962537383913127,2.7402862985685044e-08,1.3259851678038361e-08,0.0018519079754601227,1.4314928425357768e-09,2
2024-10-28 14:41:48.000663,M1.2,M,20.0,1.1097477845944104e-05,7.2350334150876314e-06,2.3868376214795843e-06,0.02634162303664916,0.10356675392670159,0.9497709424083769,4.349011588275396e-08,2.2849220047309562e-08,0.002177745057941377,1.172460804362644e-09,2
2024-10-28 19:54:18.000663,M1.4,M,32.016666666666666,5.8452624403544645e-06,5.260587860958813e-06,3.3134726384510445e-07,0.020420155722050845,0.06831203173204055,0.1275157925664756,1.1977797253870896e-08,4.0741565574809686e-09,0.0015834369461486027,1.4607069821794e-09,2
2024-10-28 20:13:56.000663,M2.2,M,1.2666666666666666,2.2275391956373553e-05,1.75766712639305e-05,3.0921848695605163e-06,0.10529533643558303,0.06721918413097372,-0.1816854047077204,1.23153828675301e-07,-2.2168474807403726e-08,0.005290578050443081,2.0949784139968274e-09,2
2024-10-28 20:37:32.000663,M1.6,M,2.183333333333333,1.6102249488752556e-05,1.5034844089345446e-05,8.64706732762355e-07,0.024111675126903626,0.029844214948363517,-0.061395063889374955,2.5373021283041686e-08,-6.353798307655646e-09,0.004525488070892979,5.226084980686164e-09,2
2024-10-28 21:57:48.000663,X1.2,X,27.95,4.04423994546694e-05,2.7435512617564263e-05,4.089121286872018e-06,0.12302912107890134,0.1787260767527188,0.3075728026972532,2.6593955919109344e-07,6.165694206329801e-08,0.008258089297886843,7.998182231311033e-09,3
2024-10-29 10:10:49.000663,C4.8,C,4.85,4.800954328561691e-06,4.604610398874916e-06,1.69150039461551e-07,0.05643564356435661,0.1277227722772278,0.15132013201320133,1.4133151556464475e-08,8.266462384577716e-10,0.0013859877300613497,1.0724835264712577e-09,1
2024-10-29 13:32:26.000663,C7.5,C,24.166666666666668,5.943421949556919e-06,4.893121542144227e-06,4.826000921984052e-07,0.029595527786912306,0.0639592239394938,0.2222952975994742,1.563281072483527e-08,5.825714484839398e-09,0.0014728295841854124,1.4769370597590967e-09,1
2024-10-29 15:05:29.000663,C5.6,C,18.716666666666665,5.59918200408998e-06,5.241401644597535e-06,3.037313037475403e-07,0.11079228439343228,0.17981826877092316,0.26111908177905324,2.948193592365396e-08,4.592873579539974e-09,0.0015776618950238581,9.179731879118332e-10,1
2024-10-29 15:25:29.000663,C5.0,C,3.0166666666666666,4.9911383776414455e-06,4.706599451498867e-06,1.342701823567606e-07,0.03277674706246121,0.06400742115027817,0.101886209029066,1.1451942740286304e-08,6.074172804316487e-10,0.0014166864349011588,6.907521017950419e-10,1
2024-10-29 17:33:36.000663,C6.1,C,6.7,6.123381049761418e-06,4.919572794162608e-06,7.442907593690007e-07,0.5206402695871944,0.8500421229991573,0.4441870261162594,6.271301976823438e-08,4.632482664797621e-09,0.0014807914110429449,8.270847534651257e-10,1
2024-10-29 22:02:36.000663,M2.3,M,9.633333333333333,2.2643490115882754e-05,2.0556522566224377e-05,2.15603598143814e-06,0.10549293892279585,0.19713101973537672,0.4372521940571125,7.856169052488104e-08,2.4834794556765163e-08,0.006187513292433538,3.2492615314701332e-09,2
2024-10-30 11:55:55.000663,C4.9,C,13.916666666666666,4.686434901158827e-06,4.386826914148929e-06,2.3557283842388455e-07,0.028947368421052676,0.06421052631578941,0.15982456140350884,1.1588275391956611e-08,2.5406832421216e-09,0.0013204349011588276,5.544194501249691e-10,1
2024-10-31 06:20:19.000663,M1.8,M,17.15,1.750783912747103e-05,1.5376930341261918e-05,2.71974156039705e-06,0.4020675144085628,0.7894977586680083,1.317171347543683,1.0992956146330382e-07,3.160468104591161e-08,0.004628456032719837,6.99840945239703e-09,2
2024-10-31 08:21:51.000663,M2.0,M,30.6,8.665303340149966e-06,7.464930576786763e-06,7.334621684422105e-07,0.022409873335498705,0.05423838908736621,0.23990473097325982,1.9722790274937448e-08,7.799889815645847e-09,0.0022469441036128157,1.4769370597592944e-09,2
2024-10-31 10:40:43.000663,C8.7,C,7.416666666666667,8.685753237900478e-06,7.961260692035412e-06,5.651299363843174e-07,0.04576288346663954,0.08180621646248853,0.2838918700010124,1.8950238582140328e-08,4.602647947681638e-09,0.0023963394683026587,8.952510793001592e-10,1
2024-10-31 11:23:50.000663,M1.1,M,15.716666666666667,1.1342876618950238e-05,1.0394719261176674e-05,1.0044585570192528e-06,0.05146257648143495,0.14416226636493185,0.39074679406587876,3.2038173142467545e-08,9.049348929222935e-09,0.0031288104976141787,1.1679163826403047e-09,2
2024-10-31 14:00:34.000663,M1.1,M,26.283333333333335,1.0770279481935923e-05,9.622854515849238e-06,1.4909748976044612e-06,0.3881147540983606,0.7968579234972679,1.1290983606557377,7.321063394683031e-08,1.6145230692107627e-08,0.0028964792092706203,3.84003635537377e-09,2
2024-10-31 15:06:19.000663,M3.4,M,25.816666666666666,1.4900477164280845e-05,1.3385010655234653e-05,6.505089654738214e-07,0.11253103991278532,0.17715462418993394,0.18030403973108836,6.288343558282178e-08,1.2707739629206528e-08,0.00402888820722563,1.3905930470347736e-09,2
2024-10-31 15:56:57.000663,M1.9,M,11.766666666666667,1.934901158827539e-05,1.5530363455602436e-05,2.4860021313031635e-06,0.4598553455296909,0.7188962499240262,0.3375676168479914,1.8468529879572833e-07,6.4536908410860214e-09,0.004674639400136333,5.657805044308298e-09,2
2024-10-31 18:22:55.000663,M6.8,M,27.4,5.557327880027267e-05,2.6222867650888766e-05,1.5278314697581225e-05,0.39041514041514047,1.1631562881562882,5.756105006105006,2.622131333787779e-07,1.6745909887782765e-07,0.007893083162917518,3.5855487389229315e-09,2
2024-10-31 19:28:10.000663,M3.0,M,21.633333333333333,2.819972733469666e-05,1.995103347849817e-05,5.138248508387361e-06,0.19749433392092663,0.38907076303198185,0.978594812389826,8.270847534651212e-08,5.8754584043490317e-08,0.00600526107702795,2.817541467848069e-09,2
2024-11-01 07:45:56.000663,M3.1,M,14.1,2.979345603271984e-05,1.42613555813727e-05,8.010713261007057e-06,0.09116906886296038,0.14218714253031342,1.5525051475634863,1.791865485117019e-07,7.812012305637154e-08,0.004292668029993183,3.767325607816413e-09,2
2024-11-01 12:49:53.000663,C6.5,C,18.933333333333334,6.138377641445127e-06,5.682281511073065e-06,2.9499348366802567e-07,0.037743451981195615,0.06487575554063132,0.15218267293485574,9.67961826857532e-09,3.5360694935090046e-09,0.0017103667348329927,1.131561008861618e-09,1
2024-11-01 13:39:16.000663,C8.2,C,3.533333333333333,8.194955691888208e-06,7.178906032380136e-06,6.967649759254649e-07,0.17623200162238903,0.2122287568444535,0.06712634354086393,5.265848670756655e-08,-1.3775978879051885e-09,0.002160850715746421,3.431038400363541e-09,1
2024-11-01 15:46:02.000663,M2.2,M,31.416666666666668,1.1317655078391273e-05,8.381695190084405e-06,1.699687856066424e-06,0.042961811722913065,0.09691385435168749,0.4136323268206039,4.2717564189956845e-08,1.712030885611402e-08,0.0025228902522154055,2.5448761645080205e-09,2
2024-11-01 18:21:36.000663,M2.8,M,30.866666666666667,1.447171097477846e-05,1.3239931878967406e-05,9.197934038385533e-07,0.08289862359374026,0.17063666645716813,0.28188046005907863,4.399000227221084e-08,7.441447336075466e-09,0.003985219495569189,1.3315155646443849e-09,2
2024-11-01 20:00:58.000663,M4.8,M,20.6,4.7485344239945465e-05,3.4380816501233114e-05,1.0061889083313359e-05,0.1899003661755939,0.4400919696840672,1.4689602316273525,1.5969097932288097e-07,1.0615808314457112e-07,0.010348625766871167,2.2412261676065337e-09,2
2024-11-01 22:02:08.000663,C9.6,C,6.95,9.606680299931833e-06,8.928103775870931e-06,5.741718953803969e-07,0.08407655146785577,0.173634336677815,0.28223708658491253,2.767552828902518e-08,4.230500528417109e-09,0.0026873592365371504,9.043399227448379e-10,1
2024-11-01 22:59:29.000663,C8.6,C,6.45,8.618268575323791e-06,8.021745284407575e-06,4.2393271943819384e-07,0.04394040049349907,0.06491411217614117,0.15744519312897404,1.7677800499886443e-08,3.996863114052004e-09,0.00241454533060668,9.997727789138733e-10,1
2024-11-01 23:33:33.000663,M1.0,M,3.816666666666667,1.038036809815951e-05,9.455373703197929e-06,8.193011774773056e-07,0.10240639655570068,0.14584454524486803,0.08972091950488187,3.8673028857078e-08,-3.116553453667964e-09,0.0028460674846625764,1.6522218976207478e-09,2
2024-11-02 09:10:55.000663,C6.6,C,17.75,6.348329925017042e-06,5.568439217604576e-06,6.968084361230085e-07,0.03283108643933391,0.09960348929421114,0.3789056304520224,1.7905021586003185e-08,6.604276538123179e-09,0.0016761002044989775,6.543967280163554e-10,1
2024-11-02 13:07:13.000663,M2.2,M,26.533333333333335,2.0737559645535106e-05,1.3801427642917157e-05,4.485780974194114e-06,0.4158538260750105,0.8619315840087923,2.159637312817695,7.952738014087718e-08,5.315398133898429e-08,0.004154229720518064,2.9160039384987652e-09,2
2024-11-02 13:59:52.000663,M2.5,M,24.416666666666668,1.89052488070893e-05,1.4095652528381876e-05,2.845923484854799e-06,0.08408474452019651,0.19272780587933458,0.633311340810791,4.489888661667803e-08,3.19428406131169e-08,0.004242791411042945,3.4310384003635972e-09,2
2024-11-03 08:40:35.000663,M2.3,M,8.95,2.3112474437627814e-05,1.84174943923508e-05,5.2049262845557485e-06,0.9256437861442849,2.413433763006678,3.931966661489879,2.4035446489434233e-07,4.15803794539474e-08,0.00554366581209759,4.440492311467917e-09,2
2024-11-03 09:15:43.000663,M1.2,M,26.733333333333334,1.1897750511247443e-05,1.0419653189663178e-05,2.1390811266744507e-06,0.5182659522649781,1.1321643123883747,1.8043513557395683,8.83435582822086e-08,2.6046758543739096e-08,0.0031363156100886165,4.408089070665733e-09,2
2024-11-03 11:04:34.000663,C6.6,C,10.1,6.526925698704841e-06,6.073877803368459e-06,3.5944990385473573e-07,0.02528883183568678,0.06623876765083433,0.1690629011553273,1.0452169961372442e-08,3.891083410133382e-09,0.0018282372188139061,2.635764598954694e-09,1
2024-11-03 12:05:35.000663,M1.3,M,16.2,1.3029311520109066e-05,1.1277285213795416e-05,1.6877799058508378e-06,0.12457541540438809,0.2877995042687966,0.6582208757917929,4.280845262440352e-08,1.9236083209436583e-08,0.00339446284935242,1.6359918200410026e-09,2
2024-11-03 14:18:45.000663,M2.3,M,25.583333333333332,2.2857532379004774e-05,1.658984480271397e-05,4.745904824891303e-06,0.17567567567567552,0.3574938574938574,1.2877968877968875,8.025448761645069e-08,4.934792738298729e-08,0.004993543285616905,1.558736650761194e-09,2
2024-11-03 18:17:05.000663,C7.7,C,6.4,7.657805044308112e-06,7.031345186574178e-06,3.9961823298858615e-07,0.06317790450631779,0.12590853181259076,0.24287151962428705,1.817768688934326e-08,1.7087488220879178e-09,0.0021164349011588276,8.997955010224986e-10,1
2024-11-03 18:28:47.000663,C9.8,C,11.816666666666666,9.175869120654397e-06,7.552921753663658e-06,7.279578134717815e-07,0.13885464529866642,0.1511823377787739,0.22021741566737646,4.0899795501022635e-08,1.055211598695081e-08,0.002273429447852761,1.0906612133605865e-09,1
2024-11-03 19:00:07.000663,M1.5,M,8.55,1.5064076346284936e-05,1.2065181501335019e-05,2.268837459792348e-06,0.09613656783468112,0.3262353998203056,0.8806828391734054,9.88866166780276e-08,9.675322551381074e-09,0.0036316196319018407,1.967734605771417e-09,2
2024-11-03 20:33:32.000663,M1.1,M,1.2666666666666666,1.2274028629856852e-05,1.1281916447560622e-05,6.198513796795741e-07,0.02970032703730892,0.05579656944537124,0.12013615430821588,1.758691206543977e-08,6.894988957237622e-09,0.003395856850715747,1.177005226084983e-09,2
2024-11-03 20:38:18.000663,M1.3,M,3.2333333333333334,1.3152692569870484e-05,1.2378298197102592e-05,4.7481723974669486e-07,0.016965352449223408,0.048745519713261604,0.10113500597371554,1.6359918200409053e-08,5.876241420977283e-09,0.0037258677573278804,1.4814814814814926e-09,2
2024-11-03 20:53:47.000663,M2.7,M,18.05,1.4714383094751192e-05,1.3483788417159798e-05,5.154850943533555e-07,0.015259030037880752,0.027370218214800176,0.04919169823400744,2.2858441263349326e-08,6.455896854223806e-09,0.004058620313565099,2.5448761645082744e-09,2
2024-11-03 23:22:47.000663,M2.8,M,19.8,7.723244717109748e-06,6.9825847493132424e-06,2.9544040184561515e-07,0.0734720416124836,0.13556566970091025,0.1064152579107063,3.158373097023407e-08,4.27352103780508e-09,0.002101758009543286,1.2588048170870289e-09,2
2024-11-04 07:09:43.000663,M9.7,M,55.233333333333334,3.347034764826176e-05,2.3284468721620957e-05,8.505804513325607e-06,0.3078839508157198,0.5575825765490637,2.725709234107531,2.123153828675302e-07,6.370447933286763e-08,0.007008625085207908,3.594637582367655e-09,2
2024-11-04 09:14:42.000663,M2.2,M,6.2,2.1910702113156103e-05,2.0539773126162053e-05,1.3242113581817147e-06,0.14025845748621302,0.2434356737180017,0.3025351880813237,1.0054533060668061e-07,8.837667480322684e-09,0.006182471710974778,1.945012497159766e-09,2
2024-11-04 09:44:28.000663,M2.1,M,9.366666666666667,2.0897750511247445e-05,1.8167965450316712e-05,2.3140410869400147e-06,0.22616101743684167,0.4926627150831559,0.6888415721931288,1.1065666893887777e-07,1.6682476627440324e-08,0.00546855760054533,1.2951601908657154e-09,2
2024-11-04 10:03:51.000663,M2.8,M,3.8666666666666667,2.8299250170415814e-05,1.9357331956418846e-05,6.058028976642569e-06,0.4781863864778438,0.9376427592507991,0.7273298309730469,2.1304249034310373e-07,-3.872098851923452e-09,0.005826556918882073,2.317655078391296e-09,2
2024-11-04 12:08:18.000663,M1.3,M,10.5,1.339877300613497e-05,1.2104840262066684e-05,1.2418092839693015e-06,0.25148697327636754,0.47985255926949844,0.5972187316746251,7.748239036582573e-08,1.143436180664602e-08,0.003643556918882072,7.998182231311236e-10,2
2024-11-04 12:38:10.000663,M3.1,M,25.266666666666666,3.1334696659850036e-05,2.6072808882910184e-05,5.791169654317234e-06,0.7340659340659342,1.5198181129215613,2.438575217885563,2.6607589184276293e-07,5.910661041698224e-08,0.007847915473755965,3.3628720745283385e-09,2
2024-11-04 14:10:02.000663,M2.5,M,14.983333333333333,2.1462167689161556e-05,1.5188766370675344e-05,3.081668431256208e-06,0.10298332464825408,0.1801719645648773,0.472707139134966,5.7123381049761565e-08,3.642745923115394e-08,0.004571818677573279,1.4269484208134322e-09,2
2024-11-04 14:57:42.000663,M1.0,M,7.366666666666666,1.04546693933197e-05,9.978059954661466e-06,3.861416201184287e-07,0.10930795037840366,0.17390965124444102,0.15963173909651238,4.362644853442369e-08,3.4159810303769295e-09,0.0030033960463531012,1.077027948193597e-09,2
2024-11-04 15:46:22.000663,M4.0,M,26.2,3.483708248125426e-05,1.962210717739324e-05,7.654615718140986e-06,0.23562318191989265,0.32184679644961595,1.2622510628776011,1.303794592138151e-07,8.561238261369333e-08,0.0059062542603953655,4.95341967734631e-09,2
2024-11-04 16:38:45.000663,M1.9,M,4.45,1.867075664621677e-05,1.5232857074917283e-05,2.4273052510811764e-06,0.11275137875327276,0.28739345997437477,0.36075984624811996,8.061804135423761e-08,-3.502075693645949e-09,0.004585089979550102,1.5769143376505395e-09,2
2024-11-04 17:25:13.000663,M1.0,M,2.5166666666666666,1.0482617586912067e-05,9.218899963086008e-06,8.768997893890879e-07,0.08356505195375377,0.12359139470218042,-0.052100102444021745,3.349888012464688e-08,-3.773283854877578e-09,0.002774888888888889,3.035024507417101e-09,2
2024-11-04 18:13:17.000663,C8.9,C,5.333333333333333,8.896387184730743e-06,8.555992635319216e-06,2.793159521998012e-07,0.05967150096103454,0.09479294076533287,0.12484710816005604,2.0359009316064617e-08,1.2403297425462936e-09,0.002575353783231084,7.498295841854249e-10,1
2024-11-04 19:58:44.000663,M2.4,M,28.033333333333335,1.0030674846625768e-05,9.280525945100066e-06,8.660181191664934e-07,0.10988366409228666,0.2072538860103626,0.4273144979958942,3.018794429837375e-08,9.56991517871138e-09,0.0027934383094751197,1.1588275391956823e-09,2
2024-11-04 20:37:51.000663,M3.0,M,3.8333333333333335,3.04505794137696e-05,2.1809652895257122e-05,5.276730666399758e-06,0.1264897815638311,0.4081903794302686,0.28951584541440356,2.0231765507839138e-07,-1.0993391467170299e-08,0.006564705521472394,6.05316973415138e-09,2
2024-11-04 21:08:01.000663,X1.7,X,22.933333333333334,0.00010666053169734151,4.83514211886305e-05,3.283751754427438e-05,0.17327539380771328,0.40427633203298596,2.3636363636363638,7.671892751647358e-07,3.114070907897509e-07,0.01455377777777778,1.117018859350153e-08,3
2024-11-05 06:49:59.000663,M1.4,M,4.466666666666667,1.356714383094751e-05,1.2583687033232534e-05,7.512716434503493e-07,0.10020703933747406,0.14948240165631463,0.1039337474120083,5.112474437627794e-08,-5.796289315593226e-10,0.0037876897970029926,1.086116791638253e-09,2
2024-11-05 09:47:16.000663,M1.6,M,16.083333333333332,8.201772324471712e-06,7.853757187470985e-06,1.9324303705234955e-07,0.013791851919063621,0.020506306142818252,0.059885672806460254,9.088843444671658e-09,2.1076053907403993e-09,0.0023639809134287666,1.136105430583952e-09,2
2024-11-05 10:13:12.000663,M1.3,M,13.983333333333333,1.2752556237218814e-05,1.209722646846345e-05,6.80654623087127e-07,0.12923375902276524,0.23091338145474724,0.29448917268184344,4.7398318563962736e-08,7.852139221802004e-09,0.0036412651670074984,1.2451715519200053e-09,2
2024-11-05 12:23:44.000663,M6.7,M,29.066666666666666,2.2921608725289704e-05,1.4290304755563708e-05,4.251587525016689e-06,0.07573597249014524,0.17856244233833776,0.9234253124213703,9.452397182458511e-08,4.78720030050646e-08,0.004301381731424676,1.817768688934332e-09,2
2024-11-05 13:59:08.000663,M1.5,M,8.683333333333334,1.4653715064758011e-05,1.3618619597931908e-05,1.0889867835643665e-06,0.14984668710838558,0.2704306092520996,0.4140114651379817,5.988898626935448e-08,1.231836811279174e-08,0.004099204498977505,3.6355373778689234e-09,2
2024-11-05 14:52:25.000663,M1.9,M,22.433333333333334,1.883571915473756e-05,1.5130560028262983e-05,3.1781726413816697e-06,0.05347853228827076,0.1571061940764376,0.740445307622945,6.503067484662567e-08,3.0338480362670256e-08,0.004554298568507158,1.4905703249261483e-09,2
2024-11-05 16:57:15.000663,M1.2,M,16.533333333333335,1.2403544648943421e-05,1.1372647865442843e-05,8.460423962828518e-07,0.24935281837160722,0.41870563674321476,0.4172860125260959,8.066348557146044e-08,1.1944581156333666e-08,0.003423167007498296,1.2769825039763693e-09,2
2024-11-05 17:36:30.000663,M1.3,M,1.0,1.3027948193592367e-05,8.353971198028838e-06,2.2940905225974347e-06,0.14088711121724076,-0.00961136648558293,-0.3743060115813981,1.2406271301976886e-07,-1.5878461515873846e-08,0.00251454533060668,2.953874119518283e-09,2
2024-11-05 19:07:28.000663,M2.7,M,25.8,2.5321063394683028e-05,1.7115649493734814e-05,5.493818004738133e-06,0.21548363702293552,0.5008612093191915,1.5567038346478108,7.957282435810047e-08,5.964145234142214e-08,0.005151810497614179,2.658486707566477e-09,2
2024-11-05 19:48:39.000663,M7.3,M,24.733333333333334,4.433878663940013e-05,3.2449270439140605e-05,6.671251401910428e-06,0.08146905294556317,0.16794059159830987,0.5643798160576685,9.893206089525087e-08,7.395433849280902e-08,0.009767230402181323,1.4071477261661042e-09,2
2024-11-05 20:55:01.000663,X1.2,X,28.316666666666666,7.11635991820041e-05,4.375408488406063e-05,1.6334116737370187e-05,0.3429657794676807,0.7803176023261019,2.247058823529412,2.2835719154737563e-07,1.865146887633197e-07,0.01316997955010225,3.235628266303097e-09,3
2024-11-07 06:56:34.000663,M7.1,M,25.183333333333334,5.6533060668029996e-05,2.612438429502205e-05,1.3168806159068396e-05,0.08429118773946354,0.20123520329387556,1.0661062503574084,3.333333333333333e-07,1.4429415100230078e-07,0.007863439672801637,6.9756873437856215e-09,2
2024-11-07 09:49:42.000663,M6.3,M,35.46666666666667,9.461486025903205e-06,8.162795226998395e-06,8.867395951066157e-07,0.09646408839778987,0.17458563535911584,0.387292817679558,2.3358327652806147e-08,1.1295506575217257e-08,0.0024570013633265168,7.907293796864225e-10,2
2024-11-07 12:55:49.000663,M3.1,M,12.9,3.077982276755283e-05,2.6795695783425846e-05,4.976937190327409e-06,0.21112080444464862,0.4541989990357685,1.0535837274438677,1.2942513065212453e-07,5.3141114893629966e-08,0.00806550443081118,2.5400071412341947e-09,2
2024-11-07 13:24:13.000663,M7.4,M,26.783333333333335,3.866666666666667e-05,2.7015397436855566e-05,7.5111971352206e-06,0.06803247004252014,0.16862088218872137,0.9026328222308122,1.126107702794821e-07,7.592078208491652e-08,0.008131634628493525,4.495731489596432e-09,2
2024-11-07 16:47:35.000663,C8.9,C,3.566666666666667,8.865030674846625e-06,7.4260508597789235e-06,1.0326300021121866e-06,0.11734443900049002,0.2784174424301813,0.5303772660460557,3.585548738922976e-08,1.6991229078285251e-09,0.002235241308793456,1.5223812769824333e-09,1
2024-11-07 17:31:35.000663,M3.4,M,19.083333333333332,3.3459441036128156e-05,2.3343927422112617e-05,9.030602647791594e-06,0.42297938030653887,1.084904620134524,3.708677913772191,1.6532606225857745e-07,9.239559936263249e-08,0.007026522154055898,2.063167461940464e-09,2
2024-11-07 20:11:04.000663,C5.7,C,4.666666666666667,5.712338104976142e-06,5.498071640317325e-06,1.2528502415479396e-07,0.03785119667013515,0.05189906347554633,0.07778355879292394,1.209952283571915e-08,-6.460444829396415e-13,0.0016549195637355148,8.407180186321268e-10,1
2024-11-07 20:35:52.000663,M5.9,M,31.366666666666667,1.0735514655760056e-05,8.507182375494545e-06,1.1939202678355299e-06,0.04589722337339403,0.1159345213427269,0.3514297554910898,2.2267666439445554e-08,1.3604823429352322e-08,0.002560661895023858,1.1860940695296503e-09,2
2024-11-08 05:59:37.000663,C8.3,C,19.683333333333334,7.854805725971372e-06,6.713243969771291e-06,8.555508498507111e-07,0.06328605833556329,0.12844527696012856,0.4060743912229063,1.904112701658717e-08,9.221054515862442e-09,0.0020206864349011588,1.2224494433083426e-09,1
2024-11-08 08:03:41.000663,M1.0,M,18.6,7.289025221540559e-06,5.889491288977664e-06,7.120889433009815e-07,0.037855801184799934,0.10432018494437224,0.2547319751480998,1.9859122926607572e-08,8.402549690927562e-09,0.0017727368779822767,1.2269938650306763e-09,2
2024-11-08 08:30:28.000663,M3.5,M,18.05,3.505044308111793e-05,2.7445841740890964e-05,7.934587493565588e-06,0.4938746662478406,1.2472121878435687,3.03792995131145,2.2985685071574647e-07,6.81516516699262e-08,0.00826119836400818,3.231083844580781e-09,2
2024-11-08 12:00:40.000663,C4.8,C,4.633333333333334,4.829584185412406e-06,4.494398358572991e-06,2.8015549151967244e-07,0.1559121621621621,0.18327702702702706,0.1503378378378379,2.5588590005767937e-08,-1.0083722495026179e-10,0.0013528139059304704,7.407407407407407e-10,1
2024-11-08 13:15:20.000663,C8.3,C,25.933333333333334,4.462849352419904e-06,3.592825097890015e-06,3.878376290873711e-07,0.00901098901098912,0.028791208791208833,0.1824175824175826,1.1633719609179764e-08,4.425014774687441e-09,0.0010814403544648944,7.589184276300867e-10,1
2024-11-08 16:11:42.000663,C9.5,C,27.533333333333335,5.986366734832993e-06,4.4807560347580326e-06,1.0244344016806137e-06,0.08504398826979473,0.19037145650048876,0.7949657869012708,2.1449670529425153e-08,1.0729360324651357e-08,0.0013487075664621677,1.0588502613042509e-09,1
2024-11-08 18:27:19.000663,C8.0,C,14.916666666666666,7.96319018404908e-06,6.395380542477133e-06,1.0587257710874874e-06,0.07913155263533783,0.13612341094129396,0.3809455792029708,2.853896841626903e-08,1.0918329599105321e-08,0.0019250095432856171,1.0270393092478927e-09,1
2024-11-09 08:13:17.000663,C9.6,C,18.0,9.21949556918882e-06,7.664368034748974e-06,1.0508535046024582e-06,0.30627758705247676,0.5822707209416383,0.401299656694458,6.52124517155192e-08,3.020394852444923e-09,0.0023069747784594413,1.1554192229038802e-09,1
2024-11-09 14:28:11.000663,C9.3,C,8.433333333333334,9.327198364008181e-06,7.118944576927171e-06,1.862233801201549e-06,0.11818644931227693,0.24486330446595325,1.1696383087111561,4.467166553056129e-08,1.4788870424773031e-08,0.0021428023176550785,3.40831629175191e-09,1
2024-11-09 15:11:27.000663,C8.6,C,12.083333333333334,8.618268575323791e-06,6.047650752886877e-06,1.5931541956086544e-06,0.13718220338983034,0.18608757062146888,0.5939265536723163,3.858214042263116e-08,1.6242388130812664e-08,0.0018203428766189501,1.2769825039763584e-09,1
2024-11-09 16:04:57.000663,M1.3,M,20.766666666666666,1.2569870483980914e-05,8.367568228604038e-06,2.908244443169874e-06,0.17120907261752338,0.3720504847265412,1.5344796049021403,4.280845262440352e-08,2.9791723628790095e-08,0.0025186380368098157,1.0679391047489294e-09,2
2024-11-09 17:49:14.000663,M1.5,M,9.116666666666667,1.511111111111111e-05,1.0931471328246903e-05,2.6961162942899948e-06,0.4395935862835371,1.578980790601683,1.5827909191935228,1.7632356282663026e-07,2.1117496693593646e-08,0.003290372869802318,5.207907293796859e-09,2
