instrument,tier,start,peak,stop,peak_flux,goes_class,goes_letter,duration_min,impulsive,baseline_flux,enhancement
SoLEXS,B,2024-10-02 07:18:21.000663,2024-10-02 07:19:53.000663,2024-10-02 07:24:27.000663,2.065303340149966e-05,M2.1,M,6.116666666666666,True,8.96993865030675e-06,2.302472091132237
SoLEXS,B,2024-10-02 08:07:21.000663,2024-10-02 08:08:59.000663,2024-10-02 08:10:39.000663,2.5657805044308114e-05,M2.6,M,4.433333333333334,True,6.711588275391956e-06,3.8229110594257514
SoLEXS,B,2024-10-02 09:24:00.000663,2024-10-02 09:25:20.000663,2024-10-02 09:28:52.000663,1.0550102249488752e-05,M1.1,M,4.883333333333334,True,4.1389911383776415e-06,2.548955022315914
SoLEXS,B,2024-10-02 10:43:32.000663,2024-10-02 10:45:32.000663,2024-10-02 10:46:48.000663,2.3531697341513295e-05,M2.4,M,9.75,True,3.7552147239263802e-06,6.266405271469805
SoLEXS,B,2024-10-02 11:01:55.000663,2024-10-02 11:07:35.000663,2024-10-02 11:13:18.000663,0.00010229516019086572,X1.0,X,27.166666666666668,True,3.972733469665985e-06,25.749313658201785
SoLEXS,B,2024-10-02 11:52:21.000663,2024-10-02 11:53:28.000663,2024-10-02 11:54:42.000663,2.6237218813905932e-05,M2.6,M,2.3666666666666667,True,8.883162917518746e-06,2.9535897357193286
SoLEXS,A,2024-10-02 13:40:17.000663,2024-10-02 13:41:11.000663,2024-10-02 13:44:39.000663,7.25289706884799e-06,C7.3,C,4.383333333333334,True,3.0912747102931152e-06,2.346247987827736
SoLEXS,A,2024-10-02 14:48:21.000663,2024-10-02 14:51:51.000663,2024-10-02 14:59:25.000663,8.561690524880709e-06,C8.6,C,15.85,True,2.6394001363326516e-06,3.243801652892562
SoLEXS,A,2024-10-02 15:04:55.000663,2024-10-02 15:09:53.000663,2024-10-02 15:12:45.000663,5.922290388548058e-06,C5.9,C,7.85,False,2.6413769597818675e-06,2.242122377351674
SoLEXS,B,2024-10-02 15:40:16.000663,2024-10-02 15:43:14.000663,2024-10-02 15:46:57.000663,1.4214723926380369e-05,M1.4,M,8.6,True,3.25494205862304e-06,4.3671204188481685
SoLEXS,B,2024-10-02 18:38:56.000663,2024-10-02 18:41:00.000663,2024-10-02 18:45:35.000663,1.2747102931152012e-05,M1.3,M,7.9,True,3.4553510565780508e-06,3.689090550404419
SoLEXS,B,2024-10-02 18:54:37.000663,2024-10-02 19:07:41.000663,2024-10-02 19:25:04.000663,9.077914110429449e-05,M9.1,M,31.383333333333333,True,5.80027266530334e-06,15.650840286755203
SoLEXS,B,2024-10-02 22:30:51.000663,2024-10-02 22:32:00.000663,2024-10-02 22:33:31.000663,1.3095432856169052e-05,M1.3,M,2.683333333333333,True,5.076346284935242e-06,2.579696522089432
SoLEXS,B,2024-10-02 23:08:03.000663,2024-10-02 23:10:35.000663,2024-10-02 23:13:49.000663,1.2557600545330608e-05,M1.3,M,5.783333333333333,True,4.470961145194274e-06,2.8087026788028484
SoLEXS,B,2024-10-03 00:16:55.000663,2024-10-03 00:46:34.000663,2024-10-03 00:54:32.000663,3.467484662576687e-05,M3.5,M,37.63333333333333,True,9.222903885480573e-06,3.7596452328159637
SoLEXS,B,2024-10-03 02:52:48.000663,2024-10-03 03:00:53.000663,2024-10-03 03:19:06.000663,1.4959781867757328e-05,M1.5,M,26.316666666666666,True,3.648943421949557e-06,4.0997571455258734
SoLEXS,B,2024-10-03 03:37:11.000663,2024-10-03 03:47:06.000663,2024-10-03 04:05:00.000663,0.0009577900477164282,X9.6,X,31.1,True,9.416291751874573e-06,101.71626718402747
SoLEXS,B,2024-10-03 07:58:54.000663,2024-10-03 08:04:15.000663,2024-10-03 08:16:33.000663,2.200068166325835e-05,M2.2,M,17.9,True,6.709475119291071e-06,3.2790466127524684
SoLEXS,B,2024-10-03 08:59:48.000663,2024-10-03 09:10:37.000663,2024-10-03 09:22:40.000663,3.351465576005453e-05,M3.4,M,22.883333333333333,True,9.993115201090662e-06,3.353774582364136
SoLEXS,B,2024-10-03 10:15:43.000663,2024-10-03 10:16:48.000663,2024-10-03 10:19:09.000663,1.8214042263122017e-05,M1.8,M,3.45,True,7.2453306066803e-06,2.5139007799490067
SoLEXS,B,2024-10-03 12:16:00.000663,2024-10-03 12:17:51.000663,2024-10-03 12:19:40.000663,1.4624403544648944e-05,M1.5,M,3.683333333333333,True,6.08984321745058e-06,2.4014417157312677
SoLEXS,B,2024-10-03 13:41:01.000663,2024-10-03 13:57:31.000663,2024-10-03 14:12:20.000663,3.4649625085207906e-05,M3.5,M,31.333333333333332,True,5.275119291070211e-06,6.568500762411806
SoLEXS,B,2024-10-03 17:43:21.000663,2024-10-03 17:46:39.000663,2024-10-03 18:02:26.000663,0.0009000163599182005,X9.0,X,27.666666666666668,True,1.3458009543285618e-05,66.87588956029762
SoLEXS,B,2024-10-04 01:43:57.000663,2024-10-04 01:55:28.000663,2024-10-04 02:07:43.000663,0.00018292433537832312,X1.8,X,28.75,True,1.134342194955692e-05,16.12602759482717
SoLEXS,B,2024-10-04 03:09:55.000663,2024-10-04 03:10:56.000663,2024-10-04 03:15:52.000663,5.9871165644171776e-05,M6.0,M,11.25,True,1.2603067484662575e-05,4.750523292605754
SoLEXS,B,2024-10-04 05:43:44.000663,2024-10-04 05:46:14.000663,2024-10-04 05:49:31.000663,2.2730061349693254e-05,M2.3,M,5.8,True,9.920313565098842e-06,2.29126440414757
SoLEXS,B,2024-10-04 10:11:11.000663,2024-10-04 10:25:00.000663,2024-10-04 10:36:07.000663,0.00010851533742331288,X1.1,X,28.866666666666667,True,7.003408316291752e-06,15.494646680942184
SoLEXS,B,2024-10-04 16:30:26.000663,2024-10-04 16:32:55.000663,2024-10-04 16:43:12.000663,2.4226993865030677e-05,M2.4,M,13.866666666666667,True,6.897000681663259e-06,3.5126854386779867
SoLEXS,B,2024-10-04 18:08:38.000663,2024-10-04 18:10:09.000663,2024-10-04 18:11:23.000663,1.214792092706203e-05,M1.2,M,2.7666666666666666,True,5.6100886162235854e-06,2.165370595382746
SoLEXS,B,2024-10-04 23:37:09.000663,2024-10-04 23:38:06.000663,2024-10-04 23:40:32.000663,1.225357873210634e-05,M1.2,M,3.4,False,5.780436264485345e-06,2.119836318824514
SoLEXS,B,2024-10-05 02:28:14.000663,2024-10-05 02:34:15.000663,2024-10-05 02:42:41.000663,2.436196319018405e-05,M2.4,M,15.9,True,6.120654396728017e-06,3.9802873371199463
SoLEXS,B,2024-10-05 03:39:31.000663,2024-10-05 03:41:04.000663,2024-10-05 03:45:41.000663,2.4570552147239263e-05,M2.5,M,6.25,True,7.989093387866395e-06,3.0755119453924906
SoLEXS,B,2024-10-05 05:40:13.000663,2024-10-05 05:41:45.000663,2024-10-05 05:46:07.000663,2.1734832992501703e-05,M2.2,M,6.083333333333333,True,7.0560327198364015e-06,3.080319190045598
SoLEXS,B,2024-10-05 07:10:47.000663,2024-10-05 07:13:42.000663,2024-10-05 07:18:41.000663,1.1548738922972052e-05,M1.2,M,7.916666666666667,True,4.414383094751193e-06,2.6161614601831404
SoLEXS,B,2024-10-05 07:54:15.000663,2024-10-05 07:59:47.000663,2024-10-05 08:02:45.000663,1.1708929788684391e-05,M1.2,M,8.516666666666667,False,4.730061349693252e-06,2.4754287361291256
SoLEXS,B,2024-10-05 08:27:58.000663,2024-10-05 08:28:44.000663,2024-10-05 08:29:29.000663,1.2404226312201774e-05,M1.2,M,1.5333333333333334,True,5.837014314928425e-06,2.1250978056499554
SoLEXS,B,2024-10-05 09:10:05.000663,2024-10-05 09:11:11.000663,2024-10-05 09:13:10.000663,1.1734832992501705e-05,M1.2,M,3.1,True,5.411042944785277e-06,2.1686822877299066
SoLEXS,B,2024-10-05 09:21:09.000663,2024-10-05 09:38:08.000663,2024-10-05 09:38:36.000663,1.9988411724608043e-05,M2.0,M,17.466666666666665,True,9.806884798909338e-06,2.038201950412534
SoLEXS,B,2024-10-05 12:37:37.000663,2024-10-05 12:43:42.000663,2024-10-05 12:48:08.000663,1.1896387184730743e-05,M1.2,M,10.533333333333333,False,5.361281526925699e-06,2.218944691671964
SoLEXS,B,2024-10-05 13:54:34.000663,2024-10-05 13:57:06.000663,2024-10-05 14:03:47.000663,3.167552828902522e-05,M3.2,M,9.233333333333333,True,1.3226789366053169e-05,2.3948009915634647
SoLEXS,B,2024-10-05 14:07:53.000663,2024-10-05 14:14:10.000663,2024-10-05 14:18:29.000663,3.549965916837083e-05,M3.5,M,10.616666666666667,True,1.3534423994546695e-05,2.6229161420297156
SoLEXS,B,2024-10-05 19:00:26.000663,2024-10-05 19:01:18.000663,2024-10-05 19:02:20.000663,1.1558963871847309e-05,M1.2,M,1.9166666666666667,False,5.603885480572598e-06,2.0626695373985817
SoLEXS,B,2024-10-05 21:24:00.000663,2024-10-05 21:25:05.000663,2024-10-05 21:26:55.000663,1.7675528289025223e-05,M1.8,M,2.933333333333333,True,7.432106339468303e-06,2.378266332810537
SoLEXS,B,2024-10-05 23:06:25.000663,2024-10-05 23:10:36.000663,2024-10-05 23:31:35.000663,1.9913428766189502e-05,M2.0,M,25.183333333333334,True,6.183980913428766e-06,3.220163361589083
SoLEXS,B,2024-10-06 02:06:43.000663,2024-10-06 02:10:03.000663,2024-10-06 02:13:03.000663,2.2686434901158827e-05,M2.3,M,6.35,True,8.384389911383777e-06,2.705794356051675
SoLEXS,B,2024-10-06 03:38:05.000663,2024-10-06 03:40:02.000663,2024-10-06 03:43:18.000663,1.76291751874574e-05,M1.8,M,5.233333333333333,True,7.557532379004772e-06,2.3326628723989575
SoLEXS,B,2024-10-06 04:43:12.000663,2024-10-06 04:50:26.000663,2024-10-06 04:55:47.000663,6.629788684389912e-05,M6.6,M,24.05,True,7.73940013633265e-06,8.566282357293218
SoLEXS,B,2024-10-06 05:45:28.000663,2024-10-06 05:47:46.000663,2024-10-06 05:50:20.000663,1.892501704158146e-05,M1.9,M,4.883333333333334,True,8.71813224267212e-06,2.1707650807302867
SoLEXS,B,2024-10-06 07:04:14.000663,2024-10-06 07:08:48.000663,2024-10-06 07:09:22.000663,1.7081799591002043e-05,M1.7,M,5.15,True,8.227675528289026e-06,2.0761391880695936
SoLEXS,B,2024-10-06 07:12:19.000663,2024-10-06 07:16:44.000663,2024-10-06 07:16:52.000663,1.9677573278800273e-05,M2.0,M,4.566666666666666,False,9.701499659168372e-06,2.028302218224998
SoLEXS,B,2024-10-06 10:30:20.000663,2024-10-06 10:33:40.000663,2024-10-06 10:38:52.000663,2.025085207907294e-05,M2.0,M,11.933333333333334,True,3.933878663940014e-06,5.147808005544966
SoLEXS,B,2024-10-06 11:01:59.000663,2024-10-06 11:06:55.000663,2024-10-06 11:15:58.000663,1.3205862304021813e-05,M1.3,M,14.0,True,4.529652351738241e-06,2.9154251316779534
SoLEXS,A,2024-10-06 15:02:38.000663,2024-10-06 15:04:38.000663,2024-10-06 15:08:07.000663,8.147920927062031e-06,C8.1,C,5.5,False,3.640695296523517e-06,2.2380123200209705
SoLEXS,B,2024-10-06 20:49:15.000663,2024-10-06 20:50:33.000663,2024-10-06 20:52:48.000663,2.9359918200409e-05,M2.9,M,4.45,True,6.9854124062713025e-06,4.203032905265624
SoLEXS,B,2024-10-06 22:12:53.000663,2024-10-06 22:14:45.000663,2024-10-06 22:18:27.000663,2.510838445807771e-05,M2.5,M,8.133333333333333,True,5.881390593047035e-06,4.269123783031989
SoLEXS,B,2024-10-07 00:26:27.000663,2024-10-07 00:28:39.000663,2024-10-07 00:32:25.000663,3.4280845262440354e-05,M3.4,M,14.233333333333333,True,5.133537832310838e-06,6.677820711999893
SoLEXS,B,2024-10-07 01:49:32.000663,2024-10-07 01:50:57.000663,2024-10-07 01:53:42.000663,1.306884798909339e-05,M1.3,M,4.25,True,4.2453306066803e-06,3.078405240931936
SoLEXS,B,2024-10-07 02:27:44.000663,2024-10-07 02:45:26.000663,2024-10-07 02:58:58.000663,3.403135650988412e-05,M3.4,M,31.25,True,4.325766871165644e-06,7.867126806284373
SoLEXS,B,2024-10-07 14:33:22.000663,2024-10-07 14:46:22.000663,2024-10-07 14:47:07.000663,1.1667348329925017e-05,M1.2,M,13.766666666666667,True,5.2139059304703475e-06,2.237736638426943
SoLEXS,B,2024-10-07 15:56:25.000663,2024-10-07 15:57:17.000663,2024-10-07 15:58:21.000663,1.112474437627812e-05,M1.1,M,1.95,False,5.393251533742332e-06,2.0627156561635003
SoLEXS,A,2024-10-07 17:40:37.000663,2024-10-07 17:44:43.000663,2024-10-07 17:46:53.000663,9.056578050443081e-06,C9.1,C,6.283333333333333,True,3.885480572597137e-06,2.3308771929824563
SoLEXS,B,2024-10-07 19:53:55.000663,2024-10-07 20:02:49.000663,2024-10-07 20:03:50.000663,1.1379004771642809e-05,M1.1,M,9.933333333333334,False,5.506475800954328e-06,2.0664768507056204
SoLEXS,B,2024-10-07 23:36:37.000663,2024-10-08 00:05:19.000663,2024-10-08 00:06:56.000663,2.8371506475800952e-05,M2.8,M,30.333333333333332,True,1.1969052488070891e-05,2.370405385395191
SoLEXS,B,2024-10-08 00:35:19.000663,2024-10-08 00:42:56.000663,2024-10-08 01:02:28.000663,0.0005598050443081118,X5.6,X,28.4,True,2.035589638718473e-05,27.500879040656887
SoLEXS,B,2024-10-08 14:18:20.000663,2024-10-08 14:20:23.000663,2024-10-08 14:24:23.000663,2.6774369461486027e-05,M2.7,M,7.616666666666666,True,7.076346284935243e-06,3.7836431942972735
SoLEXS,A,2024-10-08 17:20:53.000663,2024-10-08 17:23:10.000663,2024-10-08 17:24:23.000663,8.216087252897069e-06,C8.2,C,3.5166666666666666,False,3.846489434219496e-06,2.135996313886723
SoLEXS,B,2024-10-08 23:18:43.000663,2024-10-08 23:20:00.000663,2024-10-08 23:25:05.000663,1.0121336059986368e-05,M1.0,M,7.95,True,2.985616905248807e-06,3.3900317358843814
SoLEXS,B,2024-10-09 01:50:11.000663,2024-10-09 01:58:42.000663,2024-10-09 02:13:08.000663,1.474164962508521e-05,M1.5,M,25.683333333333334,True,2.6584185412406273e-06,5.5452703915485015
SoLEXS,B,2024-10-09 07:01:35.000663,2024-10-09 07:24:08.000663,2024-10-09 07:40:49.000663,0.0004721274710293115,X4.7,X,39.25,True,3.3638718473074303e-06,140.3523952338494
SoLEXS,B,2024-10-09 21:13:31.000663,2024-10-09 21:16:46.000663,2024-10-09 21:21:28.000663,0.0003655241990456715,X3.7,X,22.266666666666666,True,3.124676209952284e-06,116.9798643076856
SoLEXS,B,2024-10-10 01:38:54.000663,2024-10-10 01:43:17.000663,2024-10-10 01:50:35.000663,1.1096114519427404e-05,M1.1,M,12.4,True,2.8697341513292435e-06,3.86660015677332
SoLEXS,B,2024-10-10 04:34:43.000663,2024-10-10 04:41:05.000663,2024-10-10 04:48:11.000663,0.00020396523517382412,X2.0,X,28.2,True,5.472324471710975e-06,37.272138417269765
SoLEXS,B,2024-10-10 17:21:51.000663,2024-10-10 17:28:56.000663,2024-10-10 17:49:25.000663,2.8788684389911384e-05,M2.9,M,27.583333333333332,True,4.6435582822085895e-06,6.1997034688275265
SoLEXS,B,2024-10-10 20:06:47.000663,2024-10-10 20:09:58.000663,2024-10-10 20:15:13.000663,1.3042944785276074e-05,M1.3,M,9.65,True,3.902931152010906e-06,3.341833170322761
SoLEXS,B,2024-10-10 22:25:44.000663,2024-10-10 22:30:04.000663,2024-10-10 22:39:44.000663,2.2951601908657123e-05,M2.3,M,17.3,True,4.365985003408317e-06,5.256912676232259
SoLEXS,B,2024-10-11 02:33:58.000663,2024-10-11 02:54:54.000663,2024-10-11 03:00:21.000663,1.016359918200409e-05,M1.0,M,26.4,True,3.6788684389911384e-06,2.7626971038929757
SoLEXS,B,2024-10-11 03:34:10.000663,2024-10-11 03:57:27.000663,2024-10-11 04:08:39.000663,8.706134969325154e-05,M8.7,M,34.5,True,1.7508316291751876e-05,4.9725712194419245
SoLEXS,A,2024-10-11 08:55:32.000663,2024-10-11 09:02:48.000663,2024-10-11 09:13:07.000663,6.414451261077029e-06,C6.4,C,23.083333333333332,True,1.430811179277437e-06,4.483087184373511
SoLEXS,A,2024-10-11 15:46:47.000663,2024-10-11 15:49:18.000663,2024-10-11 15:53:08.000663,6.029993183367417e-06,C6.0,C,8.516666666666667,True,1.4825494205862303e-06,4.067313439698378
SoLEXS,A,2024-10-11 19:27:17.000663,2024-10-11 19:31:31.000663,2024-10-11 19:37:31.000663,6.1963190184049085e-06,C6.2,C,10.25,True,2.078323108384458e-06,2.9814031289973433
SoLEXS,B,2024-10-11 21:23:18.000663,2024-10-11 21:53:33.000663,2024-10-11 21:55:57.000663,5.278663940013634e-05,M5.3,M,32.666666666666664,True,1.3526516700749831e-05,3.9024562322989005
SoLEXS,A,2024-10-12 03:36:46.000663,2024-10-12 03:38:37.000663,2024-10-12 03:42:16.000663,3.858895705521472e-06,C3.9,C,5.516666666666667,False,1.676209952283572e-06,2.3021553477023176
SoLEXS,B,2024-10-12 04:20:45.000663,2024-10-12 04:49:16.000663,2024-10-12 04:50:12.000663,2.241922290388548e-05,M2.2,M,29.466666666666665,True,9.001363326516702e-06,2.490647482014388
SoLEXS,A,2024-10-13 14:56:04.000663,2024-10-13 14:57:27.000663,2024-10-13 14:59:10.000663,2.0449897750511248e-08,A2.0,A,3.1166666666666667,False,7.592420242233156e-09,2.6934623082054694
SoLEXS,A,2024-10-13 15:13:20.000663,2024-10-13 15:13:45.000663,2024-10-13 15:19:01.000663,2.8629856850715747e-08,A2.9,A,5.7,False,7.175402719477632e-09,3.9899999999999993
SoLEXS,B,2024-10-14 05:39:02.000663,2024-10-14 05:46:45.000663,2024-10-14 05:58:35.000663,9.51622358554874e-05,M9.5,M,27.766666666666666,True,1.2051806407634628e-06,78.96097285067874
SoLEXS,A,2024-10-14 07:16:00.000663,2024-10-14 07:24:34.000663,2024-10-14 07:28:28.000663,2.3694614860259033e-06,C2.4,C,12.483333333333333,False,9.222903885480573e-07,2.5691056910569103
SoLEXS,A,2024-10-14 08:35:37.000663,2024-10-14 08:53:44.000663,2024-10-14 08:55:34.000663,2.934560327198364e-06,C2.9,C,21.683333333333334,True,7.449897750511247e-07,3.9390612132857536
SoLEXS,A,2024-10-14 09:43:16.000663,2024-10-14 09:44:31.000663,2024-10-14 09:47:06.000663,4.484662576687117e-06,C4.5,C,21.1,True,8.916155419222905e-07,5.029816513761467
SoLEXS,A,2024-10-14 12:15:58.000663,2024-10-14 12:19:13.000663,2024-10-14 12:23:36.000663,3.5037491479209274e-06,C3.5,C,7.7,True,8.732106339468304e-07,4.012490241998439
SoLEXS,A,2024-10-14 12:28:19.000663,2024-10-14 12:34:10.000663,2024-10-14 12:39:53.000663,5.865030674846626e-06,C5.9,C,13.166666666666666,True,1.1111111111111112e-06,5.278527607361963
SoLEXS,A,2024-10-14 14:44:49.000663,2024-10-14 14:53:34.000663,2024-10-14 14:54:16.000663,3.001363326516701e-06,C3.0,C,9.466666666666667,False,1.4116564417177914e-06,2.126128736298228
SoLEXS,A,2024-10-14 15:01:09.000663,2024-10-14 15:08:25.000663,2024-10-14 15:12:52.000663,4.7477845944103615e-06,C4.7,C,11.733333333333333,True,1.828834355828221e-06,2.596071415259607
SoLEXS,A,2024-10-14 19:09:51.000663,2024-10-14 19:13:09.000663,2024-10-14 19:14:13.000663,1.6359918200409e-08,A1.6,A,5.916666666666667,False,0.0,0.0
SoLEXS,B,2024-10-14 19:15:46.000663,2024-10-14 19:22:56.000663,2024-10-14 19:27:54.000663,1.1593728698023176e-05,M1.2,M,33.11666666666667,True,0.0,0.0
SoLEXS,A,2024-10-14 23:26:30.000663,2024-10-14 23:29:52.000663,2024-10-14 23:34:21.000663,3.775051124744376e-06,C3.8,C,9.416666666666666,True,8.083844580777097e-07,4.669870984062737
SoLEXS,A,2024-10-15 00:45:58.000663,2024-10-15 00:48:46.000663,2024-10-15 00:51:32.000663,2.3496932515337425e-06,C2.3,C,5.583333333333333,True,9.495569188820722e-07,2.4745154343144296
SoLEXS,A,2024-10-15 02:04:56.000663,2024-10-15 02:09:33.000663,2024-10-15 02:16:47.000663,3.243353783231084e-06,C3.2,C,14.8,True,8.74573960463531e-07,3.708495713172253
SoLEXS,A,2024-10-15 04:17:46.000663,2024-10-15 04:35:02.000663,2024-10-15 04:41:02.000663,9.16223585548739e-06,C9.2,C,27.05,True,9.024539877300614e-07,10.152579499962235
SoLEXS,A,2024-10-15 07:07:56.000663,2024-10-15 07:09:05.000663,2024-10-15 07:11:17.000663,3.294478527607362e-06,C3.3,C,3.3666666666666667,True,1.2215405589638719e-06,2.696986607142857
SoLEXS,B,2024-10-15 07:35:48.000663,2024-10-15 07:42:24.000663,2024-10-15 07:48:55.000663,4.892160872528971e-05,M4.9,M,28.066666666666666,True,1.66387184730743e-06,29.40226965463559
SoLEXS,A,2024-10-15 09:25:22.000663,2024-10-15 09:32:31.000663,2024-10-15 09:41:25.000663,7.267893660531697e-06,C7.3,C,18.683333333333334,True,1.9032038173142467e-06,3.8187679083094554
SoLEXS,B,2024-10-15 10:03:56.000663,2024-10-15 10:21:18.000663,2024-10-15 10:31:45.000663,1.7334696659850034e-05,M1.7,M,27.833333333333332,True,2.6213360599863667e-06,6.612924197113509
SoLEXS,A,2024-10-15 12:16:48.000663,2024-10-15 12:31:30.000663,2024-10-15 12:35:11.000663,9.813905930470348e-06,C9.8,C,25.0,True,1.9032038173142467e-06,5.1565186246418335
SoLEXS,A,2024-10-15 14:08:59.000663,2024-10-15 14:12:08.000663,2024-10-15 14:17:15.000663,6.382413087934561e-06,C6.4,C,10.216666666666667,True,1.4976141785957738e-06,4.2617205279927175
SoLEXS,B,2024-10-15 15:31:44.000663,2024-10-15 15:35:25.000663,2024-10-15 15:38:00.000663,3.210770279481936e-05,M3.2,M,26.883333333333333,True,2.0205180640763463e-06,15.890826895178975
SoLEXS,A,2024-10-15 16:52:20.000663,2024-10-15 16:59:04.000663,2024-10-15 17:08:34.000663,7.496932515337424e-06,C7.5,C,16.25,True,3.0660531697341514e-06,2.445141065830721
SoLEXS,A,2024-10-15 18:30:28.000663,2024-10-15 18:34:04.000663,2024-10-15 18:40:24.000663,6.23721881390593e-06,C6.2,C,11.033333333333333,True,1.9372869802317654e-06,3.219563687543983
SoLEXS,A,2024-10-15 18:49:34.000663,2024-10-15 18:56:56.000663,2024-10-15 18:56:56.000663,7.319700068166326e-06,C7.3,C,7.383333333333334,True,3.6610088616223583e-06,1.9993669354087924
SoLEXS,A,2024-10-15 20:38:14.000663,2024-10-15 20:41:02.000663,2024-10-15 20:52:45.000663,5.18064076346285e-06,C5.2,C,14.533333333333333,True,1.8301976823449217e-06,2.830645461655928
SoLEXS,A,2024-10-15 21:57:53.000663,2024-10-15 22:02:18.000663,2024-10-15 22:07:24.000663,3.186775732788003e-06,C3.2,C,9.533333333333333,False,1.2379004771642807e-06,2.5743392070484585
SoLEXS,B,2024-10-15 23:36:25.000663,2024-10-16 00:02:54.000663,2024-10-16 00:06:42.000663,5.294887525562372e-05,M5.3,M,30.3,True,1.7601908657123383e-06,30.081326001084342
SoLEXS,A,2024-10-16 00:50:00.000663,2024-10-16 00:52:44.000663,2024-10-16 00:54:18.000663,2.794137695978187e-06,C2.8,C,4.316666666666666,False,1.3285616905248807e-06,2.103129810159056
SoLEXS,A,2024-10-16 01:22:03.000663,2024-10-16 01:22:51.000663,2024-10-16 01:25:24.000663,5.656441717791412e-06,C5.7,C,3.3666666666666667,True,2.46346284935242e-06,2.2961343700711145
SoLEXS,B,2024-10-16 04:32:37.000663,2024-10-16 04:46:16.000663,2024-10-16 04:56:10.000663,1.8597137014314928e-05,M1.9,M,27.816666666666666,True,1.3933197000681664e-06,13.347358121330723
SoLEXS,A,2024-10-16 07:10:54.000663,2024-10-16 07:12:08.000663,2024-10-16 07:15:35.000663,5.783231083844581e-06,C5.8,C,4.7,True,2.3408316291751875e-06,2.4705882352941178
SoLEXS,A,2024-10-16 07:17:52.000663,2024-10-16 07:27:22.000663,2024-10-16 07:30:55.000663,7.749147920927062e-06,C7.7,C,13.066666666666666,True,2.6392638036809814e-06,2.936102071387985
SoLEXS,A,2024-10-16 08:12:13.000663,2024-10-16 08:17:49.000663,2024-10-16 08:29:02.000663,7.079754601226994e-06,C7.1,C,16.833333333333332,True,2.1608725289706885e-06,3.276340694006309
SoLEXS,B,2024-10-16 08:45:27.000663,2024-10-16 08:53:13.000663,2024-10-16 08:56:50.000663,0.00010749352419904567,X1.1,X,33.56666666666667,True,2.3185816782780495e-06,46.36175865880141
SoLEXS,B,2024-10-16 10:30:51.000663,2024-10-16 10:44:38.000663,2024-10-16 10:54:39.000663,7.430743012951602e-05,M7.4,M,33.9,True,3.038173142467621e-06,24.457931343953334
SoLEXS,A,2024-10-16 13:08:22.000663,2024-10-16 13:14:21.000663,2024-10-16 13:20:28.000663,8.105657805044308e-06,C8.1,C,19.733333333333334,True,1.0190865712338105e-06,7.953846153846153
SoLEXS,A,2024-10-16 14:48:51.000663,2024-10-16 14:49:57.000663,2024-10-16 14:52:13.000663,2.05453306066803e-06,C2.1,C,3.3833333333333333,True,8.336059986366736e-07,2.464633248834737
SoLEXS,A,2024-10-16 16:27:36.000663,2024-10-16 16:28:42.000663,2024-10-16 16:31:04.000663,2.38173142467621e-06,C2.4,C,3.4833333333333334,True,7.852760736196319e-07,3.0329861111111116
SoLEXS,A,2024-10-16 16:37:06.000663,2024-10-16 16:39:17.000663,2024-10-16 16:41:26.000663,3.1581458759372872e-06,C3.2,C,4.416666666666667,True,1.0395364689843218e-06,3.0380327868852457
SoLEXS,A,2024-10-16 18:24:56.000663,2024-10-16 18:30:20.000663,2024-10-16 18:34:30.000663,2.747102931152011e-06,C2.7,C,9.583333333333334,False,1.0497614178595775e-06,2.6168831168831166
SoLEXS,B,2024-10-16 18:42:34.000663,2024-10-16 18:57:23.000663,2024-10-16 19:05:10.000663,3.697205180640764e-05,M3.7,M,30.3,True,1.980231765507839e-06,18.67056798623064
SoLEXS,B,2024-10-16 19:38:31.000663,2024-10-16 20:06:27.000663,2024-10-16 20:27:56.000663,2.9421267893660534e-05,M2.9,M,49.43333333333333,True,6.282549420586231e-06,4.683014159388054
SoLEXS,B,2024-10-16 21:06:39.000663,2024-10-16 21:07:39.000663,2024-10-16 21:09:56.000663,1.0267893660531698e-05,M1.0,M,3.3,True,4.956987048398092e-06,2.071398121536325
SoLEXS,A,2024-10-16 22:45:17.000663,2024-10-16 22:46:16.000663,2024-10-16 22:48:18.000663,2.2808452624403545e-06,C2.3,C,3.033333333333333,True,9.903885480572597e-07,2.3029802464037443
SoLEXS,B,2024-10-16 23:13:24.000663,2024-10-16 23:14:50.000663,2024-10-16 23:17:00.000663,1.4267211997273347e-05,M1.4,M,19.883333333333333,True,1.3197000681663258e-06,10.810950413223141
SoLEXS,A,2024-10-17 03:22:22.000663,2024-10-17 03:25:04.000663,2024-10-17 03:35:41.000663,2.099522835719155e-06,C2.1,C,13.333333333333334,True,6.938650306748466e-07,3.0258375085961298
SoLEXS,A,2024-10-17 03:36:34.000663,2024-10-17 03:39:22.000663,2024-10-17 03:41:00.000663,1.5105657805044307e-06,C1.5,C,4.45,False,7.034764826175869e-07,2.147286821705426
SoLEXS,B,2024-10-17 07:46:24.000663,2024-10-17 07:52:12.000663,2024-10-17 08:04:27.000663,2.205385139740968e-05,M2.2,M,27.45,True,1.1915473755964554e-06,18.50858123569794
SoLEXS,B,2024-10-17 10:27:59.000663,2024-10-17 10:35:13.000663,2024-10-17 10:41:01.000663,6.676550783912748e-05,M6.7,M,27.033333333333335,True,1.1117927743694615e-06,60.05211526670755
SoLEXS,A,2024-10-17 13:34:35.000663,2024-10-17 13:37:58.000663,2024-10-17 13:43:21.000663,6.040218132242673e-06,C6.0,C,10.833333333333334,True,1.7340831629175188e-06,3.4832344038680767
SoLEXS,A,2024-10-17 16:00:31.000663,2024-10-17 16:02:55.000663,2024-10-17 16:05:12.000663,2.947511929107021e-06,C2.9,C,4.7,False,1.2065439672801637e-06,2.4429378531073445
SoLEXS,B,2024-10-17 19:43:05.000663,2024-10-17 19:57:11.000663,2024-10-17 19:59:58.000663,1.3292433537832312e-05,M1.3,M,25.433333333333334,True,1.2985003408316291e-06,10.23675783505696
SoLEXS,A,2024-10-17 21:15:55.000663,2024-10-17 21:17:42.000663,2024-10-17 21:19:01.000663,3.1152010906612136e-06,C3.1,C,3.1166666666666667,False,1.418473074301295e-06,2.1961651208611666
SoLEXS,A,2024-10-17 22:00:06.000663,2024-10-17 22:01:24.000663,2024-10-17 22:03:07.000663,4.820722563053851e-06,C4.8,C,4.2,True,1.070892978868439e-06,4.50159134309357
SoLEXS,A,2024-10-18 02:38:08.000663,2024-10-18 02:41:42.000663,2024-10-18 02:45:42.000663,9.114519427402863e-06,C9.1,C,13.333333333333334,True,8.79959100204499e-07,10.357889844294679
SoLEXS,A,2024-10-18 05:45:05.000663,2024-10-18 05:49:02.000663,2024-10-18 05:53:33.000663,5.650306748466258e-06,C5.7,C,9.8,True,1.254328561690525e-06,4.504646486603989
SoLEXS,A,2024-10-18 08:55:52.000663,2024-10-18 09:05:48.000663,2024-10-18 09:14:13.000663,9.892297205180642e-06,C9.9,C,27.5,True,8.220858895705523e-07,12.033167495854062
SoLEXS,A,2024-10-18 09:38:32.000663,2024-10-18 09:40:00.000663,2024-10-18 09:42:59.000663,3.751874573960464e-06,C3.8,C,4.466666666666667,True,1.3865030674846625e-06,2.705998033431662
SoLEXS,A,2024-10-18 12:42:10.000663,2024-10-18 12:45:57.000663,2024-10-18 12:53:19.000663,2.6019086571233813e-06,C2.6,C,11.633333333333333,True,6.946148602590321e-07,3.745829244357213
SoLEXS,A,2024-10-18 15:12:49.000663,2024-10-18 15:16:51.000663,2024-10-18 15:21:08.000663,3.188820722563054e-06,C3.2,C,12.283333333333333,True,6.707566462167689e-07,4.754065040650406
SoLEXS,B,2024-10-18 15:41:40.000663,2024-10-18 15:49:17.000663,2024-10-18 15:57:54.000663,1.1219495569188822e-05,M1.1,M,26.166666666666668,True,1.0627130197682346e-06,10.557408595253367
SoLEXS,A,2024-10-18 17:57:06.000663,2024-10-18 17:59:28.000663,2024-10-18 18:03:40.000663,8.021131561008862e-06,C8.0,C,13.5,True,7.538513974096797e-07,10.640202549959309
SoLEXS,A,2024-10-18 19:06:12.000663,2024-10-18 19:07:35.000663,2024-10-18 19:09:17.000663,2.139740967961827e-06,C2.1,C,3.1,False,1.0224948875255625e-06,2.0926666666666667
SoLEXS,A,2024-10-18 21:08:16.000663,2024-10-18 21:12:48.000663,2024-10-18 21:18:41.000663,3.858214042263122e-06,C3.9,C,15.966666666666667,True,6.312201772324472e-07,6.11231101511879
SoLEXS,B,2024-10-18 23:01:24.000663,2024-10-18 23:05:38.000663,2024-10-18 23:09:14.000663,2.832174505794138e-05,M2.8,M,26.6,True,8.152692569870485e-07,34.73913043478261
SoLEXS,B,2024-10-19 01:01:55.000663,2024-10-19 01:07:36.000663,2024-10-19 01:11:14.000663,0.00014848466257668712,X1.5,X,27.35,True,9.569188820722563e-07,155.16953982048724
SoLEXS,A,2024-10-19 04:28:33.000663,2024-10-19 04:31:32.000663,2024-10-19 04:35:18.000663,2.2099522835719156e-06,C2.2,C,6.766666666666667,True,7.873210633946831e-07,2.806926406926407
SoLEXS,B,2024-10-19 04:44:54.000663,2024-10-19 04:58:16.000663,2024-10-19 05:05:34.000663,0.0001439120654396728,X1.4,X,37.65,True,1.5098159509202454e-06,95.31762156305025
SoLEXS,B,2024-10-19 12:07:13.000663,2024-10-19 12:25:16.000663,2024-10-19 12:30:37.000663,0.00020089911383776415,X2.0,X,36.65,True,1.1124062713019767e-06,180.5986886451376
SoLEXS,A,2024-10-19 16:26:26.000663,2024-10-19 16:27:30.000663,2024-10-19 16:29:31.000663,6.182685753237901e-06,C6.2,C,3.1,True,2.6741649625085212e-06,2.3120061177670146
SoLEXS,B,2024-10-19 20:01:26.000663,2024-10-19 20:04:01.000663,2024-10-19 20:07:15.000663,4.421540558963872e-05,M4.4,M,27.183333333333334,True,8.056578050443082e-07,54.88112361451899
SoLEXS,A,2024-10-20 04:18:30.000663,2024-10-20 04:19:57.000663,2024-10-20 04:21:39.000663,5.389229720518065e-06,C5.4,C,3.683333333333333,True,1.392638036809816e-06,3.8697993147332364
SoLEXS,A,2024-10-20 04:35:09.000663,2024-10-20 04:38:26.000663,2024-10-20 04:43:50.000663,4.0347648261758694e-06,C4.0,C,8.7,True,1.392638036809816e-06,2.8972099853157123
SoLEXS,A,2024-10-20 05:51:32.000663,2024-10-20 05:52:40.000663,2024-10-20 05:57:40.000663,6.283571915473756e-06,C6.3,C,6.266666666666667,True,1.9153374233128834e-06,3.2806605452345363
SoLEXS,A,2024-10-20 18:46:12.000663,2024-10-20 18:49:47.000663,2024-10-20 18:55:26.000663,4.912747102931152e-06,C4.9,C,9.25,True,1.8635991820040901e-06,2.6361607959325504
SoLEXS,A,2024-10-21 04:03:02.000663,2024-10-21 04:04:50.000663,2024-10-21 04:08:47.000663,7.616905248807089e-06,C7.6,C,5.766666666666667,True,2.9133605998636672e-06,2.614473899716886
SoLEXS,A,2024-10-21 07:24:38.000663,2024-10-21 07:35:30.000663,2024-10-21 07:39:23.000663,4.368098159509203e-06,C4.4,C,14.766666666666667,False,1.7818677573278802e-06,2.4514154552410097
SoLEXS,A,2024-10-21 13:56:47.000663,2024-10-21 13:59:32.000663,2024-10-21 14:00:11.000663,3.5691888207225633e-06,C3.6,C,3.4166666666666665,False,1.7259713701431494e-06,2.0679304897314377
SoLEXS,A,2024-10-22 17:39:24.000663,2024-10-22 17:40:40.000663,2024-10-22 17:44:32.000663,8.046353101567825e-06,C8.0,C,5.383333333333334,True,2.546693933197001e-06,3.159528907922912
SoLEXS,A,2024-10-22 20:20:47.000663,2024-10-22 20:23:29.000663,2024-10-22 20:30:15.000663,4.671438309475119e-06,C4.7,C,9.483333333333333,True,1.9372188139059303e-06,2.411414898483409
SoLEXS,A,2024-10-22 22:27:51.000663,2024-10-22 22:29:52.000663,2024-10-22 22:35:27.000663,6.131561008861622e-06,C6.1,C,9.8,True,1.6516700749829585e-06,3.7123400742880723
SoLEXS,A,2024-10-22 22:48:25.000663,2024-10-22 22:53:47.000663,2024-10-22 22:54:01.000663,3.802999318336742e-06,C3.8,C,5.616666666666666,False,1.779822767552829e-06,2.136729222520107
SoLEXS,A,2024-10-23 05:41:47.000663,2024-10-23 05:52:53.000663,2024-10-23 06:08:21.000663,8.571233810497615e-06,C8.6,C,26.7,True,1.356646216768916e-06,6.317957994171441
SoLEXS,A,2024-10-23 16:14:00.000663,2024-10-23 16:16:14.000663,2024-10-23 16:18:33.000663,5.592365371506476e-06,C5.6,C,4.566666666666666,True,2.1192229038854808e-06,2.638875486506481
SoLEXS,A,2024-10-23 16:46:52.000663,2024-10-23 16:49:34.000663,2024-10-23 16:53:03.000663,6.905930470347649e-06,C6.9,C,7.1,True,1.9563735514655762e-06,3.529965156794425
SoLEXS,B,2024-10-23 17:14:01.000663,2024-10-23 17:42:11.000663,2024-10-23 17:45:24.000663,1.4505112474437627e-05,M1.5,M,31.4,True,4.945535105657806e-06,2.932971289162106
SoLEXS,A,2024-10-23 22:42:58.000663,2024-10-23 22:47:47.000663,2024-10-23 22:55:23.000663,7.554873892297205e-06,C7.6,C,12.433333333333334,True,2.6659850034083164e-06,2.833802096650473
SoLEXS,A,2024-10-24 02:36:54.000663,2024-10-24 02:40:13.000663,2024-10-24 02:45:15.000663,8.823449216087253e-06,C8.8,C,9.683333333333334,True,2.283435582822086e-06,3.864111290226282
SoLEXS,A,2024-10-24 04:15:02.000663,2024-10-24 04:16:05.000663,2024-10-24 04:17:29.000663,9.550783912747104e-06,C9.6,C,3.2333333333333334,True,1.7498295841854125e-06,5.458122321776393
SoLEXS,A,2024-10-24 04:59:09.000663,2024-10-24 05:02:55.000663,2024-10-24 05:07:49.000663,5.877982276755283e-06,C5.9,C,9.466666666666667,True,1.6987048398091342e-06,3.460272873194222
SoLEXS,B,2024-10-24 09:06:30.000663,2024-10-24 09:23:11.000663,2024-10-24 09:28:11.000663,0.0006746666666666666,X6.7,X,21.7,True,2.524880708929789e-06,267.20734341252694
SoLEXS,B,2024-10-24 15:57:39.000663,2024-10-24 15:59:20.000663,2024-10-24 16:01:49.000663,2.3860940695296522e-05,M2.4,M,4.25,True,7.850034083162919e-06,3.0395970823202494
SoLEXS,A,2024-10-25 06:12:41.000663,2024-10-25 06:19:00.000663,2024-10-25 06:24:33.000663,4.8698023176550785e-06,C4.9,C,11.883333333333333,True,1.4826175869120654e-06,3.2845977011494254
SoLEXS,A,2024-10-25 10:45:31.000663,2024-10-25 10:50:39.000663,2024-10-25 10:58:07.000663,5.5439672801636e-06,C5.5,C,17.966666666666665,True,1.0865712338104977e-06,5.102258469259724
SoLEXS,A,2024-10-25 12:27:26.000663,2024-10-25 12:28:25.000663,2024-10-25 12:31:11.000663,3.6223585548738924e-06,C3.6,C,3.7666666666666666,True,1.3605998636673484e-06,2.662324649298597
SoLEXS,B,2024-10-25 12:59:43.000663,2024-10-25 13:02:56.000663,2024-10-25 13:05:55.000663,2.8008861622358558e-05,M2.8,M,14.416666666666666,True,1.3319700068166327e-06,21.028147389969295
SoLEXS,A,2024-10-25 16:01:47.000663,2024-10-25 16:04:01.000663,2024-10-25 16:08:00.000663,5.228357191547376e-06,C5.2,C,6.233333333333333,True,2.016359918200409e-06,2.5929682217714674
SoLEXS,A,2024-10-26 05:09:31.000663,2024-10-26 05:12:52.000663,2024-10-26 05:15:31.000663,4.372188139059305e-06,C4.4,C,6.016666666666667,False,1.995910020449898e-06,2.190573770491803
SoLEXS,A,2024-10-26 07:46:38.000663,2024-10-26 07:48:51.000663,2024-10-26 07:52:32.000663,6.606680299931834e-06,C6.6,C,5.916666666666667,True,2.387184730743013e-06,2.7675613934894345
SoLEXS,A,2024-10-26 10:50:37.000663,2024-10-26 11:01:44.000663,2024-10-26 11:01:55.000663,7.65167007498296e-06,C7.7,C,11.316666666666666,False,3.795910020449898e-06,2.0157669791329957
SoLEXS,B,2024-10-26 11:31:31.000663,2024-10-26 11:51:39.000663,2024-10-26 12:09:35.000663,0.0002756802999318337,X2.8,X,38.083333333333336,True,6.269120654396728e-06,43.974317153792626
SoLEXS,B,2024-10-27 00:55:59.000663,2024-10-27 00:57:05.000663,2024-10-27 01:03:20.000663,1.5406271301976823e-05,M1.5,M,7.366666666666666,True,1.0134060440808909e-08,1520.2466367713002
SoLEXS,B,2024-10-27 04:03:18.000663,2024-10-27 04:08:08.000663,2024-10-27 04:23:50.000663,1.9828220858895707e-05,M2.0,M,24.683333333333334,True,5.538445807770961e-06,3.580105601299709
SoLEXS,B,2024-10-27 08:51:07.000663,2024-10-27 08:53:27.000663,2024-10-27 09:00:26.000663,1.6250170415814586e-05,M1.6,M,10.9,True,4.462167689161554e-06,3.641765963947449
SoLEXS,B,2024-10-27 10:54:07.000663,2024-10-27 11:00:47.000663,2024-10-27 11:15:21.000663,1.4111792774369463e-05,M1.4,M,22.016666666666666,True,3.839059304703476e-06,3.675846517161172
SoLEXS,A,2024-10-28 03:21:45.000663,2024-10-28 03:38:02.000663,2024-10-28 03:48:58.000663,4.43694614860259e-06,C4.4,C,27.233333333333334,True,1.3633265167007498e-08,325.45
SoLEXS,B,2024-10-28 04:41:29.000663,2024-10-28 04:53:59.000663,2024-10-28 05:10:42.000663,7.071370143149284e-05,M7.1,M,31.366666666666667,True,2.325835037491479e-06,30.403575615474796
SoLEXS,A,2024-10-28 05:58:10.000663,2024-10-28 05:59:41.000663,2024-10-28 06:11:26.000663,6.83503749147921e-06,C6.8,C,13.283333333333333,True,2.373415132924335e-06,2.8798322706645996
SoLEXS,B,2024-10-28 09:16:18.000663,2024-10-28 09:38:11.000663,2024-10-28 09:48:10.000663,2.965303340149966e-05,M3.0,M,33.63333333333333,True,2.8568507157464213e-06,10.379623001670247
SoLEXS,B,2024-10-28 12:16:04.000663,2024-10-28 12:30:35.000663,2024-10-28 12:44:16.000663,1.5483299250170417e-05,M1.5,M,28.216666666666665,True,2.1621676891615544e-06,7.161007597969671
SoLEXS,B,2024-10-28 14:35:50.000663,2024-10-28 14:41:48.000663,2024-10-28 14:52:12.000663,1.208725289706885e-05,M1.2,M,20.0,True,2.0919563735514655e-06,5.777966046466161
SoLEXS,B,2024-10-28 19:32:38.000663,2024-10-28 19:54:18.000663,2024-10-28 20:04:38.000663,1.385207907293797e-05,M1.4,M,32.016666666666666,True,3.736877982276755e-06,3.706858810653047
SoLEXS,B,2024-10-28 20:13:17.000663,2024-10-28 20:13:56.000663,2024-10-28 20:14:32.000663,2.2275391956373553e-05,M2.2,M,1.2666666666666666,True,1.0174982958418541e-05,2.1892313773305556
SoLEXS,B,2024-10-28 20:36:25.000663,2024-10-28 20:37:32.000663,2024-10-28 20:38:35.000663,1.6102249488752556e-05,M1.6,M,2.183333333333333,True,7.770961145194274e-06,2.0721052631578947
SoLEXS,B,2024-10-28 21:48:20.000663,2024-10-28 21:57:48.000663,2024-10-28 22:09:51.000663,0.00012186980231765508,X1.2,X,27.95,True,1.0259032038173143e-05,11.879269102990033
SoLEXS,B,2024-10-28 23:58:32.000663,2024-10-29 00:01:26.000663,2024-10-29 00:06:03.000663,1.1796864349011588e-05,M1.2,M,7.533333333333333,True,4.432174505794137e-06,2.661642571516457
SoLEXS,A,2024-10-29 03:11:24.000663,2024-10-29 03:13:00.000663,2024-10-29 03:15:07.000663,7.371506475800954e-06,C7.4,C,3.7333333333333334,True,3.0810497614178594e-06,2.3925308082037215
SoLEXS,B,2024-10-29 03:34:14.000663,2024-10-29 03:36:28.000663,2024-10-29 03:42:41.000663,1.4476482617586913e-05,M1.4,M,9.083333333333334,True,3.4059304703476486e-06,4.250375262683878
SoLEXS,B,2024-10-29 03:43:30.000663,2024-10-29 03:59:02.000663,2024-10-29 04:01:03.000663,1.3302658486707567e-05,M1.3,M,17.566666666666666,True,3.7189502385821408e-06,3.5769928698425497
SoLEXS,A,2024-10-29 10:08:02.000663,2024-10-29 10:10:49.000663,2024-10-29 10:12:52.000663,4.800954328561691e-06,C4.8,C,4.85,True,2.161554192229039e-06,2.2210659098076317
SoLEXS,A,2024-10-29 13:15:37.000663,2024-10-29 13:32:26.000663,2024-10-29 13:39:46.000663,7.450579413769597e-06,C7.5,C,24.166666666666668,True,2.8431492842535788e-06,2.6205375338655923
SoLEXS,A,2024-10-29 15:01:01.000663,2024-10-29 15:05:29.000663,2024-10-29 15:19:43.000663,5.59918200408998e-06,C5.6,C,18.716666666666665,True,2.1363326516700752e-06,2.6209317166560306
SoLEXS,A,2024-10-29 15:22:53.000663,2024-10-29 15:25:29.000663,2024-10-29 15:25:53.000663,4.9911383776414455e-06,C5.0,C,3.0166666666666666,False,2.323721881390593e-06,2.1479069494558365
SoLEXS,A,2024-10-29 17:32:18.000663,2024-10-29 17:33:36.000663,2024-10-29 17:38:15.000663,6.123381049761418e-06,C6.1,C,6.7,True,1.6319018404907975e-06,3.7522974101921474
SoLEXS,B,2024-10-29 21:58:18.000663,2024-10-29 22:02:36.000663,2024-10-29 22:07:55.000663,2.2643490115882754e-05,M2.3,M,9.633333333333333,True,7.758691206543968e-06,2.9184677561061325
SoLEXS,A,2024-10-30 11:45:03.000663,2024-10-30 11:55:55.000663,2024-10-30 11:58:57.000663,4.897068847989093e-06,C4.9,C,13.916666666666666,False,2.1935923653715063e-06,2.232442510876321
SoLEXS,B,2024-10-31 02:21:23.000663,2024-10-31 02:22:51.000663,2024-10-31 02:22:55.000663,0.00024191956373551468,X2.4,X,1.55,True,0.00011823120413809697,2.0461566428178015
SoLEXS,B,2024-10-31 06:16:56.000663,2024-10-31 06:20:19.000663,2024-10-31 06:27:19.000663,1.750783912747103e-05,M1.8,M,17.15,True,3.6918200408997957e-06,4.742332760944626
SoLEXS,B,2024-10-31 08:01:05.000663,2024-10-31 08:21:51.000663,2024-10-31 08:31:40.000663,2.0202453987730063e-05,M2.0,M,30.6,True,3.7165644171779143e-06,5.435787388577088
SoLEXS,A,2024-10-31 10:37:41.000663,2024-10-31 10:40:43.000663,2024-10-31 10:45:05.000663,8.685753237900478e-06,C8.7,C,7.416666666666667,False,3.357123381049761e-06,2.5872606550386816
SoLEXS,B,2024-10-31 11:20:57.000663,2024-10-31 11:23:50.000663,2024-10-31 11:36:39.000663,1.1342876618950238e-05,M1.1,M,15.716666666666667,True,4.061963190184049e-06,2.792461695950595
SoLEXS,B,2024-10-31 13:57:18.000663,2024-10-31 14:00:34.000663,2024-10-31 14:06:51.000663,1.0770279481935923e-05,M1.1,M,26.283333333333335,True,2.4934560327198367e-06,4.319418245441373
SoLEXS,B,2024-10-31 14:57:30.000663,2024-10-31 15:06:19.000663,2024-10-31 15:15:58.000663,3.387116564417178e-05,M3.4,M,25.816666666666666,True,5.621472392638036e-06,6.025319218596531
SoLEXS,B,2024-10-31 15:55:55.000663,2024-10-31 15:56:57.000663,2024-10-31 16:00:30.000663,1.934901158827539e-05,M1.9,M,11.766666666666667,True,5.557600545330607e-06,3.481540537225561
SoLEXS,B,2024-10-31 18:16:04.000663,2024-10-31 18:22:55.000663,2024-10-31 18:29:06.000663,6.790047716428085e-05,M6.8,M,27.4,True,2.2275391956373553e-06,30.482281657384174
SoLEXS,B,2024-10-31 19:21:39.000663,2024-10-31 19:28:10.000663,2024-10-31 19:37:00.000663,3.0104294478527607e-05,M3.0,M,21.633333333333333,True,5.388548057259714e-06,5.5867172675521815
SoLEXS,A,2024-10-31 23:56:37.000663,2024-11-01 00:03:18.000663,2024-11-01 00:11:05.000663,6.9052488070892985e-06,C6.9,C,14.483333333333333,True,2.3824130879345602e-06,2.8984263233190277
SoLEXS,B,2024-11-01 00:30:14.000663,2024-11-01 00:36:07.000663,2024-11-01 00:44:25.000663,2.0949556918882073e-05,M2.1,M,18.6,True,4.121267893660532e-06,5.083279577895764
SoLEXS,B,2024-11-01 01:50:58.000663,2024-11-01 01:55:00.000663,2024-11-01 01:59:42.000663,1.0164962508520791e-05,M1.0,M,11.783333333333333,True,2.4880708929788688e-06,4.085479452054794
SoLEXS,B,2024-11-01 02:35:59.000663,2024-11-01 02:49:17.000663,2024-11-01 02:58:49.000663,0.0005312358554873893,X5.3,X,31.65,True,2.2501704158145878e-06,236.08694335049987
SoLEXS,B,2024-11-01 07:40:31.000663,2024-11-01 07:45:56.000663,2024-11-01 07:48:17.000663,3.0543967280163595e-05,M3.1,M,14.1,True,2.972051806407635e-06,10.277064220183485
SoLEXS,A,2024-11-01 12:40:39.000663,2024-11-01 12:49:53.000663,2024-11-01 12:59:34.000663,6.458077709611452e-06,C6.5,C,18.933333333333334,False,2.535787321063395e-06,2.546774193548387
SoLEXS,A,2024-11-01 13:38:24.000663,2024-11-01 13:39:16.000663,2024-11-01 13:41:55.000663,8.194955691888208e-06,C8.2,C,3.533333333333333,True,3.35426039536469e-06,2.4431483325543115
SoLEXS,B,2024-11-01 15:20:36.000663,2024-11-01 15:46:02.000663,2024-11-01 15:52:00.000663,2.195023858214042e-05,M2.2,M,31.416666666666668,True,5.222699386503068e-06,4.202853152694571
SoLEXS,B,2024-11-01 17:54:37.000663,2024-11-01 18:21:36.000663,2024-11-01 18:25:28.000663,2.8486025903203818e-05,M2.8,M,30.866666666666667,True,1.0840354464894343e-05,2.6277762406620218
SoLEXS,B,2024-11-01 19:55:10.000663,2024-11-01 20:00:58.000663,2024-11-01 20:08:58.000663,4.834287661895024e-05,M4.8,M,20.6,True,8.040218132242672e-06,6.012632471386181
SoLEXS,A,2024-11-01 21:59:49.000663,2024-11-01 22:02:08.000663,2024-11-01 22:06:45.000663,9.606680299931833e-06,C9.6,C,6.95,True,3.6543967280163597e-06,2.628800596903563
SoLEXS,A,2024-11-01 22:56:08.000663,2024-11-01 22:59:29.000663,2024-11-01 23:02:34.000663,8.618268575323791e-06,C8.6,C,6.45,True,3.588820722563054e-06,2.4014207567239025
SoLEXS,B,2024-11-01 23:31:49.000663,2024-11-01 23:33:33.000663,2024-11-01 23:35:37.000663,1.038036809815951e-05,M1.0,M,3.816666666666667,True,4.431901840490797e-06,2.3421926910299007
SoLEXS,A,2024-11-02 01:32:51.000663,2024-11-02 01:40:44.000663,2024-11-02 01:56:58.000663,6.039536468984322e-06,C6.0,C,24.133333333333333,False,1.9897750511247445e-06,3.0352860568687907
SoLEXS,A,2024-11-02 08:56:52.000663,2024-11-02 09:10:55.000663,2024-11-02 09:14:36.000663,6.581458759372869e-06,C6.6,C,17.75,True,2.3128152692569867e-06,2.845648265495594
SoLEXS,B,2024-11-02 12:59:47.000663,2024-11-02 13:07:13.000663,2024-11-02 13:17:12.000663,2.236059986366735e-05,M2.2,M,26.533333333333335,True,2.4805044308111793e-06,9.014537360191268
SoLEXS,B,2024-11-02 13:49:14.000663,2024-11-02 13:59:52.000663,2024-11-02 14:12:48.000663,2.5080436264485346e-05,M2.5,M,24.416666666666668,True,4.638650306748466e-06,5.406839189407633
SoLEXS,A,2024-11-03 00:44:24.000663,2024-11-03 00:45:50.000663,2024-11-03 00:50:05.000663,6.736196319018405e-06,C6.7,C,6.083333333333333,True,2.0743012951601912e-06,3.2474531712126185
SoLEXS,B,2024-11-03 08:38:28.000663,2024-11-03 08:40:35.000663,2024-11-03 08:44:13.000663,2.3112474437627814e-05,M2.3,M,8.95,True,2.235787321063395e-06,10.337510289947865
SoLEXS,B,2024-11-03 09:09:45.000663,2024-11-03 09:15:43.000663,2024-11-03 09:33:30.000663,1.2376959781867758e-05,M1.2,M,26.733333333333334,True,2.085207907293797e-06,5.935599869238313
SoLEXS,A,2024-11-03 10:58:40.000663,2024-11-03 11:04:34.000663,2024-11-03 11:08:45.000663,6.649625085207908e-06,C6.6,C,10.1,False,2.6495569188820724e-06,2.5097121099076385
SoLEXS,B,2024-11-03 11:59:41.000663,2024-11-03 12:05:35.000663,2024-11-03 12:15:52.000663,1.3302658486707567e-05,M1.3,M,16.2,True,4.4948193592365375e-06,2.959553526744415
SoLEXS,B,2024-11-03 14:12:47.000663,2024-11-03 14:18:45.000663,2024-11-03 14:34:56.000663,2.329311520109066e-05,M2.3,M,25.583333333333332,True,4.146557600545331e-06,5.617458490876211
SoLEXS,A,2024-11-03 18:13:49.000663,2024-11-03 18:17:05.000663,2024-11-03 18:20:12.000663,7.657805044308112e-06,C7.7,C,6.4,True,3.0394683026584867e-06,2.5194554710803114
SoLEXS,A,2024-11-03 18:22:49.000663,2024-11-03 18:28:47.000663,2024-11-03 18:34:37.000663,9.809815950920246e-06,C9.8,C,11.816666666666666,True,3.0394683026584867e-06,3.2274776290116396
SoLEXS,B,2024-11-03 18:57:52.000663,2024-11-03 19:00:07.000663,2024-11-03 19:03:30.000663,1.5064076346284936e-05,M1.5,M,8.55,True,3.7661895023858213e-06,3.999819004524887
SoLEXS,B,2024-11-03 20:32:18.000663,2024-11-03 20:33:32.000663,2024-11-03 20:33:33.000663,1.0802999318336742e-05,M1.1,M,1.2666666666666666,False,5.391956373551466e-06,2.0035398230088495
SoLEXS,B,2024-11-03 20:35:12.000663,2024-11-03 20:38:18.000663,2024-11-03 20:38:25.000663,1.261758691206544e-05,M1.3,M,3.2333333333333334,False,6.231152010906613e-06,2.0249204143921404
SoLEXS,B,2024-11-03 20:39:05.000663,2024-11-03 20:53:47.000663,2024-11-03 20:57:07.000663,2.7492842535787323e-05,M2.7,M,18.05,True,8.706816632583504e-06,3.157622779478427
SoLEXS,B,2024-11-03 23:13:54.000663,2024-11-03 23:22:47.000663,2024-11-03 23:26:05.000663,2.8291070211315613e-05,M2.8,M,19.8,True,3.295160190865712e-06,8.585643359536617
SoLEXS,B,2024-11-04 01:54:08.000663,2024-11-04 02:11:37.000663,2024-11-04 02:17:33.000663,1.6987730061349694e-05,M1.7,M,24.5,True,3.1293796864349013e-06,5.428465626905986
SoLEXS,B,2024-11-04 04:54:26.000663,2024-11-04 04:55:05.000663,2024-11-04 04:55:30.000663,1.0730743012951603e-05,M1.1,M,1.0833333333333333,True,4.967620995228357e-06,2.160137221269297
SoLEXS,B,2024-11-04 06:23:16.000663,2024-11-04 07:09:43.000663,2024-11-04 07:18:29.000663,9.679277436946149e-05,M9.7,M,55.233333333333334,True,2.3562304021813223e-05,4.107950320981082
SoLEXS,B,2024-11-04 09:12:34.000663,2024-11-04 09:14:42.000663,2024-11-04 09:18:45.000663,2.1910702113156103e-05,M2.2,M,6.2,True,8.265848670756645e-06,2.65075045357084
SoLEXS,B,2024-11-04 09:42:19.000663,2024-11-04 09:44:28.000663,2024-11-04 09:49:44.000663,2.0897750511247445e-05,M2.1,M,9.366666666666667,True,5.911315610088616e-06,3.535211430021103
SoLEXS,B,2024-11-04 10:02:02.000663,2024-11-04 10:03:51.000663,2024-11-04 10:05:27.000663,2.8299250170415814e-05,M2.8,M,3.8666666666666667,True,5.911315610088616e-06,4.787301514085725
SoLEXS,B,2024-11-04 12:06:26.000663,2024-11-04 12:08:18.000663,2024-11-04 12:15:25.000663,1.339877300613497e-05,M1.3,M,10.5,True,4.056578050443081e-06,3.3029742900352885
SoLEXS,B,2024-11-04 12:35:35.000663,2024-11-04 12:38:10.000663,2024-11-04 12:47:57.000663,3.1334696659850036e-05,M3.1,M,25.266666666666666,True,4.466734832992502e-06,7.015123536862668
SoLEXS,B,2024-11-04 14:02:17.000663,2024-11-04 14:10:02.000663,2024-11-04 14:14:19.000663,2.5394683026584867e-05,M2.5,M,14.983333333333333,True,5.2289706884798906e-06,4.85653573896153
SoLEXS,B,2024-11-04 14:55:44.000663,2024-11-04 14:57:42.000663,2024-11-04 15:03:05.000663,1.04546693933197e-05,M1.0,M,7.366666666666666,True,4.359168370824813e-06,2.3983174091854447
SoLEXS,B,2024-11-04 15:39:45.000663,2024-11-04 15:46:22.000663,2024-11-04 15:52:58.000663,4.025357873210634e-05,M4.0,M,26.2,True,4.55412406271302e-06,8.838928886826626
SoLEXS,B,2024-11-04 16:36:44.000663,2024-11-04 16:38:45.000663,2024-11-04 16:41:06.000663,1.867075664621677e-05,M1.9,M,4.45,True,6.095432856169052e-06,3.0630731380004477
SoLEXS,B,2024-11-04 17:24:08.000663,2024-11-04 17:25:13.000663,2024-11-04 17:26:38.000663,1.0482617586912067e-05,M1.0,M,2.5166666666666666,True,4.638582140422631e-06,2.259875382083236
SoLEXS,A,2024-11-04 18:11:12.000663,2024-11-04 18:13:17.000663,2024-11-04 18:16:31.000663,8.896387184730743e-06,C8.9,C,5.333333333333333,False,3.896728016359918e-06,2.2830403218752733
SoLEXS,B,2024-11-04 19:39:37.000663,2024-11-04 19:58:44.000663,2024-11-04 20:07:38.000663,2.3684389911383778e-05,M2.4,M,28.033333333333335,True,4.467552828902522e-06,5.301423579853218
SoLEXS,B,2024-11-04 20:36:07.000663,2024-11-04 20:37:51.000663,2024-11-04 20:39:32.000663,3.04505794137696e-05,M3.0,M,3.8333333333333335,True,8.711247443762781e-06,3.4955475217928855
SoLEXS,B,2024-11-04 20:57:44.000663,2024-11-04 21:08:01.000663,2024-11-04 21:11:32.000663,0.00017209952283571916,X1.7,X,22.933333333333334,True,6.880572597137014e-06,25.012383839584697
SoLEXS,A,2024-11-05 01:00:04.000663,2024-11-05 01:01:58.000663,2024-11-05 01:06:15.000663,7.203817314246762e-06,C7.2,C,6.2,True,2.7347648261758688e-06,2.634163363992124
SoLEXS,B,2024-11-05 06:48:06.000663,2024-11-05 06:49:59.000663,2024-11-05 06:52:33.000663,1.356714383094751e-05,M1.4,M,4.466666666666667,True,5.75371506475801e-06,2.3579797884061744
SoLEXS,B,2024-11-05 09:33:41.000663,2024-11-05 09:47:16.000663,2024-11-05 09:49:45.000663,1.5963871847307432e-05,M1.6,M,16.083333333333332,True,4.053510565780504e-06,3.9382830236273447
SoLEXS,B,2024-11-05 10:10:19.000663,2024-11-05 10:13:12.000663,2024-11-05 10:24:17.000663,1.2752556237218814e-05,M1.3,M,13.983333333333333,True,4.888820722563054e-06,2.608513782958491
SoLEXS,B,2024-11-05 12:10:50.000663,2024-11-05 12:23:44.000663,2024-11-05 12:34:43.000663,6.706271301976824e-05,M6.7,M,29.066666666666666,True,4.941990456714383e-06,13.56998027559001
SoLEXS,B,2024-11-05 13:55:23.000663,2024-11-05 13:59:08.000663,2024-11-05 14:04:03.000663,1.4653715064758011e-05,M1.5,M,8.683333333333334,True,5.1077027948193595e-06,2.868944348058188
SoLEXS,B,2024-11-05 14:47:34.000663,2024-11-05 14:52:25.000663,2024-11-05 15:09:37.000663,1.883571915473756e-05,M1.9,M,22.433333333333334,True,4.911383776414451e-06,3.835114503816794
SoLEXS,B,2024-11-05 16:55:34.000663,2024-11-05 16:57:15.000663,2024-11-05 17:11:50.000663,1.2403544648943421e-05,M1.2,M,16.533333333333335,True,4.061758691206544e-06,3.053737455106904
SoLEXS,B,2024-11-05 17:36:06.000663,2024-11-05 17:36:30.000663,2024-11-05 17:37:05.000663,1.3027948193592367e-05,M1.3,M,1.0,True,5.655691888207226e-06,2.3035109498728445
SoLEXS,B,2024-11-05 19:01:27.000663,2024-11-05 19:07:28.000663,2024-11-05 19:20:13.000663,2.6748466257668714e-05,M2.7,M,25.8,True,4.077709611451943e-06,6.559679037111334
SoLEXS,B,2024-11-05 19:34:13.000663,2024-11-05 19:48:39.000663,2024-11-05 19:55:17.000663,7.325903203817315e-05,M7.3,M,24.733333333333334,True,1.0947989093387867e-05,6.691551426774674
SoLEXS,B,2024-11-05 20:41:29.000663,2024-11-05 20:55:01.000663,2024-11-05 21:09:43.000663,0.00011594955691888207,X1.2,X,28.316666666666666,True,7.55480572597137e-06,15.347788033817864
SoLEXS,B,2024-11-06 01:15:30.000663,2024-11-06 01:17:59.000663,2024-11-06 01:19:40.000663,1.2413769597818678e-05,M1.2,M,4.183333333333334,True,5.392638036809816e-06,2.3019845784350905
SoLEXS,B,2024-11-06 04:05:32.000663,2024-11-06 04:11:30.000663,2024-11-06 04:17:59.000663,1.9019768234492164e-05,M1.9,M,23.566666666666666,True,3.5064076346284937e-06,5.424288963626821
SoLEXS,B,2024-11-07 06:49:19.000663,2024-11-07 06:56:34.000663,2024-11-07 07:05:59.000663,7.059168370824813e-05,M7.1,M,25.183333333333334,True,5.9652351738241305e-06,11.833847560278826
SoLEXS,B,2024-11-07 09:27:15.000663,2024-11-07 09:49:42.000663,2024-11-07 09:59:35.000663,6.252351738241309e-05,M6.3,M,35.46666666666667,True,3.860940695296524e-06,16.193855932203387
SoLEXS,B,2024-11-07 12:51:57.000663,2024-11-07 12:55:49.000663,2024-11-07 13:03:36.000663,3.077982276755283e-05,M3.1,M,12.9,True,7.584867075664621e-06,4.058056978520716
SoLEXS,B,2024-11-07 13:05:52.000663,2024-11-07 13:24:13.000663,2024-11-07 13:30:21.000663,7.412542603953647e-05,M7.4,M,26.783333333333335,True,1.8470006816632583e-05,4.0132863390599915
SoLEXS,A,2024-11-07 16:45:04.000663,2024-11-07 16:47:35.000663,2024-11-07 16:48:37.000663,8.865030674846625e-06,C8.9,C,3.566666666666667,True,3.807021131561009e-06,2.328600333040878
SoLEXS,B,2024-11-07 17:26:11.000663,2024-11-07 17:31:35.000663,2024-11-07 17:38:24.000663,3.367893660531698e-05,M3.4,M,19.083333333333332,True,3.0906612133606e-06,10.897000441111603
SoLEXS,A,2024-11-07 20:07:50.000663,2024-11-07 20:11:04.000663,2024-11-07 20:12:29.000663,5.712338104976142e-06,C5.7,C,4.666666666666667,False,2.633946830265849e-06,2.1687370600414075
SoLEXS,B,2024-11-07 20:23:29.000663,2024-11-07 20:35:52.000663,2024-11-07 20:45:40.000663,5.8939331970006815e-05,M5.9,M,31.366666666666667,True,4.2706203135650994e-06,13.801117318435752
SoLEXS,A,2024-11-07 23:52:39.000663,2024-11-08 00:13:40.000663,2024-11-08 00:19:36.000663,9.340149965916838e-06,C9.3,C,26.966666666666665,True,2.528970688479891e-06,3.6932614555256067
SoLEXS,A,2024-11-08 01:33:31.000663,2024-11-08 01:38:50.000663,2024-11-08 01:44:42.000663,6.34560327198364e-06,C6.3,C,11.2,False,2.6543285616905253e-06,2.3906623179845394
SoLEXS,B,2024-11-08 03:02:14.000663,2024-11-08 03:04:00.000663,2024-11-08 03:06:32.000663,1.174437627811861e-05,M1.2,M,7.216666666666667,True,2.0592365371506478e-06,5.703267238240259
SoLEXS,A,2024-11-08 05:52:30.000663,2024-11-08 05:59:37.000663,2024-11-08 06:12:10.000663,8.310838445807771e-06,C8.3,C,19.683333333333334,True,2.5575323790047717e-06,3.249553559529838
SoLEXS,B,2024-11-08 07:56:30.000663,2024-11-08 08:03:41.000663,2024-11-08 08:11:33.000663,1.022017723244717e-05,M1.0,M,18.6,True,2.353101567825494e-06,4.343279258400927
SoLEXS,B,2024-11-08 08:27:29.000663,2024-11-08 08:30:28.000663,2024-11-08 08:39:12.000663,3.505044308111793e-05,M3.5,M,18.05,True,4.326448534423995e-06,8.101435346389575
SoLEXS,A,2024-11-08 11:59:30.000663,2024-11-08 12:00:40.000663,2024-11-08 12:04:07.000663,4.829584185412406e-06,C4.8,C,4.633333333333334,True,2.0046353101567826e-06,2.40920837867247
SoLEXS,A,2024-11-08 13:01:24.000663,2024-11-08 13:15:20.000663,2024-11-08 13:27:19.000663,8.335378323108385e-06,C8.3,C,25.933333333333334,True,1.6025221540558964e-06,5.201412225105279
SoLEXS,A,2024-11-08 16:00:27.000663,2024-11-08 16:11:42.000663,2024-11-08 16:27:58.000663,9.52624403544649e-06,C9.5,C,27.533333333333335,True,1.537832310838446e-06,6.19459219858156
SoLEXS,A,2024-11-08 18:22:06.000663,2024-11-08 18:27:19.000663,2024-11-08 18:35:43.000663,7.989775051124745e-06,C8.0,C,14.916666666666666,True,2.3844580777096112e-06,3.350771869639795
SoLEXS,A,2024-11-09 00:24:12.000663,2024-11-09 00:44:25.000663,2024-11-09 00:46:49.000663,6.720518064076346e-06,C6.7,C,22.633333333333333,True,3.116564417177914e-06,2.156386701662292
SoLEXS,B,2024-11-09 05:11:53.000663,2024-11-09 05:16:44.000663,2024-11-09 05:29:30.000663,1.1149965916837082e-05,M1.1,M,17.633333333333333,True,1.8581458759372868e-06,6.00058696210426
SoLEXS,A,2024-11-09 07:59:41.000663,2024-11-09 08:13:17.000663,2024-11-09 08:17:40.000663,9.624403544648943e-06,C9.6,C,18.0,True,2.77293796864349e-06,3.470832616337668
SoLEXS,A,2024-11-09 14:24:33.000663,2024-11-09 14:28:11.000663,2024-11-09 14:31:22.000663,9.327198364008181e-06,C9.3,C,8.433333333333334,True,2.0443081117927745e-06,4.562520840280094
SoLEXS,A,2024-11-09 15:06:34.000663,2024-11-09 15:11:27.000663,2024-11-09 15:14:38.000663,8.618268575323791e-06,C8.6,C,12.083333333333334,True,1.9297205180640764e-06,4.466070860856972
SoLEXS,B,2024-11-09 15:59:00.000663,2024-11-09 16:04:57.000663,2024-11-09 16:12:11.000663,1.2869120654396728e-05,M1.3,M,20.766666666666666,True,1.8636673483299252e-06,6.905267008046817
SoLEXS,B,2024-11-09 17:47:35.000663,2024-11-09 17:49:14.000663,2024-11-09 17:53:40.000663,1.511111111111111e-05,M1.5,M,9.116666666666667,True,2.1314928425357872e-06,7.089449614634303
SoLEXS,A,2024-11-10 01:04:07.000663,2024-11-10 01:05:45.000663,2024-11-10 01:06:54.000663,9.753237900477165e-06,C9.8,C,4.116666666666666,True,1.549352419904567e-06,6.295041576840161
SoLEXS,B,2024-11-10 02:16:45.000663,2024-11-10 02:19:37.000663,2024-11-10 02:21:26.000663,3.0131561008861626e-05,M3.0,M,10.433333333333334,True,1.6829584185412407e-06,17.903924824820773
